id,question,answer,category,author,published_date,legal_refs,tags,views,url
138084829,"Không ở trọ nữa có phải xóa đăng ký tạm trú không?","Theo Điều 29 Luật Cư trú 2020, người đã đăng ký tạm trú tại chỗ ở thuê, mượn, ở nhờ mà không còn cư trú tại đó và chưa đăng ký tạm trú nơi khác thì phải xóa đăng ký tạm trú. Việc xóa đăng ký tạm trú được thực hiện tại cơ quan đăng ký cư trú nơi đã đăng ký tạm trú.","Quyen dan su","Nguyen Thi Hien","2026-03-26","Luat Cu tru 2020;Dieu 29","Dang ky tam tru",13,"https://thuvienphapluat.vn/hoi-dap-phap-luat/khong-o-tro-nua-co-phai-xoa-dang-ky-tam-tru-khong-138084829.html"
138084727,"Hướng dẫn cách xóa đăng ký tạm trú online 2026 thế nào?","Bước 1: Truy cập Cổng dịch vụ công quốc gia tại dichvucong.gov.vn. Bước 2: Đăng nhập tài khoản VNeID. Bước 3: Tìm kiếm thủ tục xóa đăng ký tạm trú. Bước 4: Điền thông tin theo mẫu và nộp hồ sơ trực tuyến. Bước 5: Nhận kết quả qua ứng dụng VNeID hoặc tại cơ quan công an.","Quyen dan su","Tran Van Minh","2026-03-26","Luat Cu tru 2020;Nghi dinh 62/2021/ND-CP","Tam tru;Dich vu cong",25,"https://thuvienphapluat.vn/hoi-dap-phap-luat/huong-dan-cach-xoa-dang-ky-tam-tru-online-2026-the-nao-138084727.html"
138083129,"Về quê họ hàng chơi có phải đăng ký tạm trú không?","Theo khoản 1 Điều 27 Luật Cư trú 2020, công dân đến sinh sống tại chỗ ở hợp pháp ngoài phạm vi đơn vị hành chính cấp xã nơi đã đăng ký thường trú để lao động, học tập hoặc vì mục đích khác từ 30 ngày trở lên thì phải đăng ký tạm trú. Nếu về quê chơi dưới 30 ngày thì không phải đăng ký tạm trú.","Quyen dan su","Nguyen Thi Hien","2026-03-25","Luat Cu tru 2020;Dieu 27","Tam tru;Dang ky",18,"https://thuvienphapluat.vn/hoi-dap-phap-luat/ve-que-ho-hang-choi-co-phai-dang-ky-tam-tru-khong-138083129.html"
138081917,"2013 bao nhiêu tuổi làm thẻ căn cước?","Người sinh năm 2013 tính đến năm 2026 là 13 tuổi. Theo Luật Căn cước 2023, công dân từ đủ 14 tuổi trở lên được cấp thẻ căn cước. Như vậy người sinh năm 2013 sẽ đủ 14 tuổi vào năm 2027, lúc đó mới đủ điều kiện làm thẻ căn cước. Trẻ em dưới 14 tuổi được cấp giấy chứng nhận căn cước.","Quyen dan su","Le Thi Mai","2026-03-24","Luat Can cuoc 2023;Dieu 18","The can cuoc;Do tuoi",45,"https://thuvienphapluat.vn/hoi-dap-phap-luat/2013-bao-nhieu-tuoi-lam-the-can-cuoc-138081917.html"
138081701,"Gia hạn tạm trú bao nhiêu tiền 2026?","Theo Thông tư 75/2022/TT-BTC, lệ phí đăng ký tạm trú hoặc gia hạn tạm trú là 15.000 đồng/lần. Trường hợp đăng ký qua Cổng dịch vụ công quốc gia có thể được miễn lệ phí theo chính sách khuyến khích sử dụng dịch vụ công trực tuyến.","Quyen dan su","Pham Van Hung","2026-03-24","Thong tu 75/2022/TT-BTC;Luat Cu tru 2020","Tam tru;Le phi",32,"https://thuvienphapluat.vn/hoi-dap-phap-luat/gia-han-tam-tru-bao-nhieu-tien-2026-138081701.html"
138081795,"Ai được cấp hộ chiếu ngoại giao?","Theo Điều 9 Luật Xuất nhập cảnh 2019, hộ chiếu ngoại giao được cấp cho: Cán bộ, công chức thuộc Đảng, Nhà nước, Quốc hội, Chính phủ; người giữ chức vụ từ Thứ trưởng hoặc tương đương trở lên; Đại sứ, Tổng lãnh sự; vợ hoặc chồng của các đối tượng trên khi đi cùng trong nhiệm kỳ công tác.","Quyen dan su","Tran Thi Lan","2026-03-24","Luat Xuat nhap canh 2019;Dieu 9","Ho chieu;Ngoai giao",28,"https://thuvienphapluat.vn/hoi-dap-phap-luat/ai-duoc-cap-ho-chieu-ngoai-giao-138081795.html"
138082402,"Nghĩa vụ quân sự 2026 có được sử dụng điện thoại?","Theo quy định hiện hành, quân nhân tại ngũ không được sử dụng điện thoại di động cá nhân trong giờ huấn luyện, làm nhiệm vụ. Ngoài giờ huấn luyện, việc sử dụng điện thoại do chỉ huy đơn vị quy định. Thông thường, tân binh trong 3 tháng huấn luyện cơ bản bị hạn chế sử dụng điện thoại.","Quyen dan su","Nguyen Van Tuan","2026-03-25","Luat Nghia vu quan su 2015;Dieu luat Quan nhan","Nghia vu quan su;Dien thoai",156,"https://thuvienphapluat.vn/hoi-dap-phap-luat/nghia-vu-quan-su-2026-co-duoc-su-dung-dien-thoai-khong-138082402.html"
138083833,"Văn bản hợp nhất Luật Bình đẳng giới số 45/VBHN-VPQH chi tiết thế nào?","Văn bản hợp nhất 45/VBHN-VPQH hợp nhất Luật Bình đẳng giới 2006 và các sửa đổi bổ sung. Nội dung gồm 6 chương 44 điều, quy định nguyên tắc bình đẳng giới trong các lĩnh vực chính trị, kinh tế, lao động, giáo dục, y tế, gia đình. Văn bản có hiệu lực pháp lý như văn bản gốc.","Quyen dan su","Le Thi Thuy","2026-03-25","45/VBHN-VPQH;Luat Binh dang gioi 2006","Binh dang gioi",9,"https://thuvienphapluat.vn/hoi-dap-phap-luat/van-ban-hop-nhat-luat-binh-dang-gioi-so-45vbhnvpqh-chi-tiet-nhu-the-nao-138083833.html"
138082036,"Mẫu đơn xin trình bày nguyện vọng hiện nay như thế nào?","Mẫu đơn xin trình bày nguyện vọng gồm: Quốc hiệu tiêu ngữ; họ tên, ngày sinh, CCCD, địa chỉ người làm đơn; nội dung nguyện vọng cần trình bày; lý do; cam kết; ngày tháng và chữ ký. Đơn viết tay hoặc đánh máy đều được chấp nhận. Không có mẫu bắt buộc theo quy định pháp luật.","Quyen dan su","Pham Thi Hoa","2026-03-25","","Don;Mau don;Nguyen vong",22,"https://thuvienphapluat.vn/hoi-dap-phap-luat/mau-don-xin-trinh-bay-nguyen-vong-hien-nay-nhu-the-nao-138082036.html"
138081475,"Mẫu số 03 Nghị định 58 về Giấy chứng nhận an ninh trật tự là gì?","Mẫu số 03 ban hành kèm theo Nghị định 58/2025/NĐ-CP là Văn bản đề nghị cấp Giấy chứng nhận đủ điều kiện về an ninh, trật tự. Mẫu gồm thông tin về cá nhân/tổ chức đề nghị, địa chỉ kinh doanh, ngành nghề, danh sách nhân viên, phương tiện, thiết bị. Áp dụng từ ngày 15/03/2026.","Quyen dan su","Vo Minh Tuan","2026-03-23","Nghi dinh 58/2025/ND-CP;Mau so 03","An ninh trat tu;Giay chung nhan",15,"https://thuvienphapluat.vn/hoi-dap-phap-luat/mau-so-03-nghi-dinh-58-van-ban-de-nghi-cap-giay-chung-nhan-du-dieu-kien-ve-an-ninh-trat-tu-moi-nhat-138081475.html"
138083637,"Thay đổi lịch nghỉ lễ 30/4 và 1/5 năm 2026 được nghỉ 4 ngày hay 2 ngày liên tục?","Theo Điều 112 Bộ luật Lao động 2019, người lao động được nghỉ 2 ngày: ngày 30/4 và ngày 1/5. Năm 2026, ngày 30/4 rơi vào thứ Năm và 1/5 rơi vào thứ Sáu. Nếu nghỉ hàng tuần vào thứ Bảy và Chủ nhật thì người lao động được nghỉ 4 ngày liên tục từ 30/4 đến 3/5/2026.","Lao dong - Tien luong","Nguyen Van Tan","2026-04-01","Bo luat Lao dong 2019;Dieu 112;Dieu 98","Lich nghi le;30/4;1/5",4651,"https://thuvienphapluat.vn/hoi-dap-phap-luat/thay-doi-lich-nghi-le-304-va-15-2026-ca-nuoc-duoc-nghi-4-ngay-lien-tuc-hay-2-ngay-lien-tuc-138083637.html"
138083939,"Cập nhật lịch nghỉ Giỗ Tổ Hùng Vương 2026 và 30/4 1/5 nghỉ 9 ngày liên tục bằng cách nào?","Giỗ Tổ Hùng Vương năm 2026 rơi vào ngày 23/4 (thứ Năm). Ngày 30/4 rơi vào thứ Năm, 1/5 rơi vào thứ Sáu. Để nghỉ 9 ngày liên tục, người lao động có thể thỏa thuận với người sử dụng lao động hoán đổi ngày nghỉ: nghỉ bù ngày 24/4 (thứ Sáu) và sử dụng phép năm cho các ngày 27-29/4.","Lao dong - Tien luong","Tran Thi Nga","2026-03-28","Bo luat Lao dong 2019;Dieu 112;Dieu 113","Lich nghi le;Gio To Hung Vuong",3200,"https://thuvienphapluat.vn/hoi-dap-phap-luat/cap-nhat-lich-nghi-gio-to-hung-vuong-2026-va-304-15-nghi-9-ngay-lien-tuc-bang-cach-nao-138083939.html"
138083015,"Thay đổi lịch nghỉ Giỗ Tổ Hùng Vương 2026 và 30/4 1/5 để nghỉ 9 ngày liên tục như thế nào?","Theo Điều 113 Bộ luật Lao động 2019, người sử dụng lao động và người lao động có thể thỏa thuận hoán đổi ngày nghỉ lễ. Cụ thể, hoán đổi ngày thứ Sáu 24/4 sang ngày khác, kết hợp phép năm cho 3 ngày 27-29/4, được nghỉ liên tục từ 23/4 đến 3/5/2026.","Lao dong - Tien luong","Nguyen Van Tan","2026-03-20","Bo luat Lao dong 2019;Dieu 113","Hoan doi ngay nghi;Lich nghi le",2800,"https://thuvienphapluat.vn/hoi-dap-phap-luat/thay-doi-lich-nghi-gio-to-hung-vuong-2026-va-304-15-de-duoc-nghi-9-ngay-lien-tuc-nhu-the-nao-138083015.html"
138079984,"Lịch nghỉ lễ 30/4 và 1/5 năm 2026 của cán bộ, công chức, viên chức và người lao động ra sao?","Năm 2026, ngày 30/4 rơi vào thứ Năm và ngày 1/5 rơi vào thứ Sáu. Cán bộ công chức viên chức và người lao động được nghỉ 2 ngày hưởng nguyên lương. Kết hợp với nghỉ cuối tuần (thứ Bảy, Chủ nhật), tổng cộng được nghỉ 4 ngày liên tục từ 30/4 đến 3/5/2026.","Lao dong - Tien luong","Le Minh Duc","2026-03-15","Bo luat Lao dong 2019;Dieu 112","Nghi le;Can bo cong chuc",5500,"https://thuvienphapluat.vn/hoi-dap-phap-luat/lich-nghi-le-304-va-15-nam-2026-cua-can-bo-cong-chuc-vien-chuc-va-nguoi-lao-dong-ra-sao-138079984.html"
138066888,"Chính thức đã có lịch nghỉ lễ Quốc khánh 2/9/2026 cho người lao động?","Ngày Quốc khánh 2/9/2026 rơi vào thứ Tư. Theo Điều 112 Bộ luật Lao động 2019, người lao động được nghỉ 2 ngày: ngày 2/9 và ngày liền kề trước hoặc sau. Chính phủ sẽ quyết định cụ thể ngày nghỉ liền kề. Người lao động được hưởng nguyên lương trong các ngày nghỉ lễ này.","Lao dong - Tien luong","Pham Van Hai","2026-02-28","Bo luat Lao dong 2019;Dieu 112","Quoc khanh;2/9;Nghi le",1800,"https://thuvienphapluat.vn/hoi-dap-phap-luat/chinh-thuc-da-co-lich-nghi-le-quoc-khanh-292026-cho-nguoi-lao-dong-138066888.html"
138050948,"Tết âm lịch 2027 là ngày mấy dương lịch?","Tết Nguyên đán 2027 (năm Đinh Mùi) rơi vào ngày 6/2/2027 dương lịch (mùng 1 Tết). Theo Điều 112 Bộ luật Lao động 2019, người lao động được nghỉ 5 ngày Tết: 1 ngày trước và 4 ngày sau Tết Âm lịch. Cụ thể nghỉ từ ngày 5/2/2027 (29 Tết) đến 10/2/2027 (mùng 5 Tết).","Lao dong - Tien luong","Nguyen Thi Lan","2026-01-15","Bo luat Lao dong 2019;Dieu 112","Tet 2027;Am lich;Nghi Tet",8900,"https://thuvienphapluat.vn/hoi-dap-phap-luat/tet-am-lich-2027-la-ngay-may-duong-lich-138050948.html"
138085549,"Thông tư 28/2025/TT-BNV về Danh mục nghề nặng nhọc, độc hại trong Quân đội ra sao?","Thông tư 28/2025/TT-BNV ban hành Danh mục nghề, công việc nặng nhọc, độc hại, nguy hiểm và đặc biệt nặng nhọc trong lực lượng vũ trang. Danh mục gồm 4 nhóm: đặc biệt nặng nhọc, nặng nhọc, độc hại, nguy hiểm. Người lao động thuộc danh mục được hưởng chế độ bồi dưỡng bằng hiện vật.","Lao dong - Tien luong","Vo Thi Thanh","2026-03-30","Thong tu 28/2025/TT-BNV","Nghe nang nhoc;Doc hai;Quan doi",45,"https://thuvienphapluat.vn/hoi-dap-phap-luat/da-co-thong-tu-282025ttbnv-ve-danh-muc-nghe-cong-viec-nang-nhoc-doc-hai-nguy-hiem-trong-quan-doi-ra-138085549.html"
138085336,"Công đoàn có quyền đại diện cho tập thể người lao động thực hiện hoạt động nào?","Theo Luật Công đoàn 2024, công đoàn có quyền: đại diện thương lượng tập thể, ký kết thỏa ước lao động tập thể; tham gia xây dựng quy chế dân chủ tại nơi làm việc; giám sát việc thực hiện pháp luật lao động; hỗ trợ giải quyết tranh chấp lao động; bảo vệ quyền lợi đoàn viên.","Lao dong - Tien luong","Tran Minh Quang","2026-03-29","Luat Cong doan 2024","Cong doan;Dai dien",12,"https://thuvienphapluat.vn/hoi-dap-phap-luat/cong-doan-co-quyen-dai-dien-cho-tap-the-nguoi-lao-dong-thuc-hien-hoat-dong-nao-138085336.html"
138085080,"Tổng hợp Nghị định hướng dẫn Luật Việc làm 2025 mới nhất?","Các Nghị định hướng dẫn Luật Việc làm 2025 gồm: NĐ 120/2025/NĐ-CP về chính sách hỗ trợ tạo việc làm; NĐ 125/2025/NĐ-CP về bảo hiểm thất nghiệp; NĐ 130/2025/NĐ-CP về đánh giá kỹ năng nghề; NĐ 135/2025/NĐ-CP về thông tin thị trường lao động. Các nghị định có hiệu lực từ 01/01/2026.","Lao dong - Tien luong","Le Thi Hoa","2026-03-28","Luat Viec lam 2025;120/2025/ND-CP;125/2025/ND-CP;130/2025/ND-CP","Viec lam;Nghi dinh",35,"https://thuvienphapluat.vn/hoi-dap-phap-luat/tong-hop-nghi-dinh-huong-dan-luat-viec-lam-2025-moi-nhat-138085080.html"
138084910,"Hợp đồng lao động bằng văn bản giấy còn sử dụng được không?","Hợp đồng lao động bằng văn bản giấy vẫn có giá trị pháp lý và được sử dụng bình thường. Theo Nghị định 337/2025/NĐ-CP, hợp đồng lao động điện tử được khuyến khích từ 01/07/2026 nhưng không bắt buộc. Hai bên có quyền lựa chọn hình thức phù hợp. Hợp đồng giấy cần đáp ứng đủ nội dung theo Điều 21 Bộ luật Lao động 2019.","Lao dong - Tien luong","Luong Thi Tam Nhu","2026-03-30","Bo luat Lao dong 2019;Dieu 21;337/2025/ND-CP","Hop dong lao dong;Van ban giay",14,"https://thuvienphapluat.vn/hoi-dap-phap-luat/hop-dong-lao-dong-bang-van-ban-giay-con-su-dung-duoc-khong-138084910.html"
138085214,"Người sử dụng lao động được hoàn trả quỹ bảo hiểm hưu trí bổ sung trong trường hợp nào?","Theo Nghị định 135/2025/NĐ-CP, người sử dụng lao động được hoàn trả phần đóng vào quỹ hưu trí bổ sung khi: người lao động đơn phương chấm dứt hợp đồng trái pháp luật; người lao động bị sa thải; hoặc theo thỏa thuận trong quy chế quỹ hưu trí bổ sung của doanh nghiệp.","Lao dong - Tien luong","Pham Minh Tuan","2026-03-29","135/2025/ND-CP;Bo luat Lao dong 2019","Bao hiem huu tri;Quy huu tri",8,"https://thuvienphapluat.vn/hoi-dap-phap-luat/nguoi-su-dung-lao-dong-duoc-hoan-tra-quy-bao-hiem-huu-tri-bo-sung-trong-truong-hop-nao-138085214.html"
138085601,"Thông báo 720/TB-TCS2 2026 về ngừng sử dụng hóa đơn đối với HKD có doanh thu từ 500 triệu?","Thông báo 720/TB-TCS2 của Chi cục Thuế hướng dẫn hộ kinh doanh có ngưỡng doanh thu từ 500 triệu đồng/năm trở xuống phải ngừng sử dụng hóa đơn đặt in, hóa đơn tự in và chuyển sang sử dụng hóa đơn điện tử theo Nghị định 123/2020/NĐ-CP.","Doanh nghiep","Ta Thi Thanh Thao","2026-04-01","123/2020/ND-CP;720/TB-TCS2","Hoa don;HKD;Doanh thu",5,"https://thuvienphapluat.vn/hoi-dap-phap-luat/thong-bao-720tbtcs2-2026-ve-viec-ngung-su-dung-hoa-don-doi-voi-hkd-co-nguong-doanh-thu-tu-500-trieu-138085601.html"
138085556,"Công ty đại chúng cho người có liên quan vay phải được ĐHĐCĐ thông qua không?","Theo Luật Chứng khoán 2019 và Luật Doanh nghiệp 2020, công ty đại chúng khi thực hiện giao dịch với người có liên quan phải được Đại hội đồng cổ đông thông qua nếu giá trị giao dịch từ 35% tổng tài sản trở lên. Giao dịch cho vay với cổ đông lớn, thành viên HĐQT cần tuân thủ quy định công bố thông tin.","Doanh nghiep","Nguyen Hoang Nam","2026-04-01","Luat Chung khoan 2019;Luat Doanh nghiep 2020","Cong ty dai chung;Giao dich lien quan",3,"https://thuvienphapluat.vn/hoi-dap-phap-luat/cong-ty-dai-chung-cho-nguoi-co-lien-quan-vay-thi-co-phai-duoc-dai-hoi-dong-co-dong-thong-qua-khong-138085556.html"
138085489,"Hộ kinh doanh có doanh thu dưới 500 triệu có bắt buộc phải mở tài khoản HKD không?","Theo Thông tư 25/2025/TT-NHNN, hộ kinh doanh đã đăng ký kinh doanh phải mở tài khoản mang tên hộ kinh doanh. Hộ kinh doanh chưa đăng ký (chỉ có mã số thuế) có thể sử dụng tài khoản cá nhân. Tuy nhiên nên tách riêng tài khoản kinh doanh để quản lý thuế.","Doanh nghiep","Ta Thi Thanh Thao","2026-04-01","25/2025/TT-NHNN;68/2026/ND-CP","HKD;Tai khoan;Doanh thu",2,"https://thuvienphapluat.vn/hoi-dap-phap-luat/ho-kinh-doanh-co-doanh-thu-duoi-500-trieu-co-bat-buoc-phai-mo-tai-khoan-ho-kinh-doanh-khong-138085489.html"
138085406,"Hồ sơ gia hạn Giấy CN đủ điều kiện kinh doanh trò chơi điện tử có thưởng gồm gì?","Theo Nghị định 121/2025/NĐ-CP, hồ sơ gồm: Đơn đề nghị gia hạn; bản sao Giấy chứng nhận đăng ký doanh nghiệp; bản sao Giấy CN đủ điều kiện đã cấp; báo cáo kết quả hoạt động kinh doanh 3 năm gần nhất; văn bản xác nhận không vi phạm pháp luật của cơ quan công an.","Doanh nghiep","Vo Minh Duc","2026-04-01","121/2025/ND-CP","Tro choi dien tu;Kinh doanh co thuong",4,"https://thuvienphapluat.vn/hoi-dap-phap-luat/ho-so-de-nghi-gia-han-giay-chung-nhan-du-dieu-kien-kinh-doanh-tro-choi-dien-tu-co-thuong-gom-nhung--138085406.html"
138085392,"Quy chế giải quyết tranh chấp trong Điểm kinh doanh trò chơi điện tử có thưởng gồm nội dung gì?","Theo Nghị định 121/2025/NĐ-CP, quy chế giải quyết tranh chấp gồm: trình tự tiếp nhận và xử lý khiếu nại; thẩm quyền giải quyết; thời hạn giải quyết; quyền và nghĩa vụ các bên; biện pháp bồi thường; cơ chế giám sát thực hiện; lưu trữ hồ sơ giải quyết.","Doanh nghiep","Vo Minh Duc","2026-04-01","121/2025/ND-CP","Tranh chap;Tro choi dien tu",3,"https://thuvienphapluat.vn/hoi-dap-phap-luat/quy-che-giai-quyet-tranh-chap-trong-diem-kinh-doanh-tro-choi-dien-tu-co-thuong-bao-gom-cac-noi-dung-138085392.html"
138085168,"HKD phải thông báo toàn bộ tài khoản ngân hàng hay chỉ tài khoản kinh doanh?","Theo Nghị định 68/2026/NĐ-CP, hộ kinh doanh phải thông báo tất cả tài khoản ngân hàng hiện có cho cơ quan thuế, không chỉ riêng tài khoản kinh doanh. Thời hạn thông báo là 10 ngày kể từ ngày mở tài khoản mới. Vi phạm bị phạt từ 2-5 triệu đồng theo Nghị định xử phạt hành chính về thuế.","Doanh nghiep","Nguyen Thi Huong","2026-03-31","68/2026/ND-CP","HKD;Tai khoan ngan hang;Thue",7,"https://thuvienphapluat.vn/hoi-dap-phap-luat/hkd-phai-thong-bao-toan-bo-so-tai-khoan-ngan-hang-hien-co-hay-chi-can-thong-bao-so-tai-khoan-kinh-d-138085168.html"
138085502,"Doanh nghiệp được khuyến khích góp vốn bằng quyền SHTT từ 01/04/2026?","Theo Luật Sở hữu trí tuệ sửa đổi 2025, từ 01/04/2026, doanh nghiệp được khuyến khích sử dụng quyền sở hữu trí tuệ để góp vốn, thế chấp vay vốn. Quyền SHTT được định giá bởi tổ chức định giá độc lập. Ngân hàng có thể nhận thế chấp bằng bằng sáng chế, nhãn hiệu, quyền tác giả.","Doanh nghiep","Tran Thi Mai","2026-03-31","Luat SHTT sua doi 2025;Luat Doanh nghiep 2020","So huu tri tue;Gop von;The chap",15,"https://thuvienphapluat.vn/hoi-dap-phap-luat/doanh-nghiep-duoc-khuyen-khich-gop-von-the-chap-vay-von-bang-quyen-so-huu-tri-tue-tu-01042026-dung--138085502.html"
138085152,"Điều kiện được gia hạn Giấy CN đủ điều kiện kinh doanh trò chơi điện tử có thưởng từ 15/05/2026?","Theo Nghị định 121/2025/NĐ-CP, điều kiện gia hạn gồm: Giấy chứng nhận còn hiệu lực; doanh nghiệp không vi phạm pháp luật nghiêm trọng; đáp ứng đủ điều kiện về vốn, địa điểm, nhân sự; nộp hồ sơ trước khi Giấy CN hết hạn ít nhất 30 ngày; đã hoạt động liên tục 3 năm.","Doanh nghiep","Vo Minh Duc","2026-03-31","121/2025/ND-CP","Gia han;Kinh doanh co thuong",6,"https://thuvienphapluat.vn/hoi-dap-phap-luat/dieu-kien-duoc-gia-han-giay-chung-nhan-du-dieu-kien-kinh-doanh-tro-choi-dien-tu-co-thuong-tu-150520-138085152.html"
138085356,"Hạn chót nộp báo cáo thống kê năm 2026 tại TPHCM vào ngày nào?","Theo Thông tư 01/2025/TT-BKHĐT, hạn chót nộp báo cáo thống kê năm tại TPHCM là ngày 01/04/2026. Doanh nghiệp phải nộp qua hệ thống trực tuyến hoặc gửi trực tiếp tại Chi cục Thống kê quận/huyện. Báo cáo gồm các chỉ tiêu về lao động, doanh thu, tài sản.","Doanh nghiep","Le Van Thanh","2026-03-30","01/2025/TT-BKHDT","Bao cao thong ke;TPHCM",20,"https://thuvienphapluat.vn/hoi-dap-phap-luat/han-chot-nop-bao-cao-thong-ke-nam-2026-tai-tphcm-vao-ngay-nao-138085356.html"
138085357,"Trễ hạn nộp báo cáo thống kê năm 2026 doanh nghiệp bị phạt bao nhiêu?","Theo Nghị định 95/2023/NĐ-CP về xử phạt vi phạm hành chính trong lĩnh vực thống kê, doanh nghiệp trễ hạn nộp báo cáo bị phạt từ 10-20 triệu đồng. Nếu không nộp báo cáo, phạt từ 20-30 triệu đồng. Ngoài ra phải khắc phục bằng cách nộp báo cáo đầy đủ trong thời hạn quy định.","Doanh nghiep","Le Van Thanh","2026-03-30","95/2023/ND-CP","Xu phat;Bao cao thong ke",18,"https://thuvienphapluat.vn/hoi-dap-phap-luat/tre-han-nop-bao-cao-thong-ke-nam-2026-doanh-nghiep-bi-phat-bao-nhieu-138085357.html"
138085685,"Đối tượng áp dụng Danh mục ngành nghề hạn chế tiếp cận thị trường từ 31/03/2026?","Theo Nghị định 55/2026/NĐ-CP, đối tượng áp dụng gồm: nhà đầu tư nước ngoài, tổ chức kinh tế có vốn đầu tư nước ngoài khi đầu tư kinh doanh tại Việt Nam. Danh mục gồm các ngành nghề hạn chế tỷ lệ sở hữu vốn nước ngoài hoặc yêu cầu điều kiện đặc biệt.","Lao dong - Tien luong","Nguyen Hoang Anh","2026-04-01","55/2026/ND-CP;Luat Dau tu 2020","Nganh nghe han che;Nha dau tu nuoc ngoai",10,"https://thuvienphapluat.vn/hoi-dap-phap-luat/doi-tuong-ap-dung-danh-muc-nganh-nghe-han-che-tiep-can-thi-truong-tu-31032026-ra-sao-138085685.html"
138085634,"Không hoán đổi lịch nghỉ Giỗ Tổ Hùng Vương 2026 thì nghỉ lễ thế nào?","Nếu không hoán đổi, người lao động nghỉ theo đúng lịch: ngày 23/4/2026 (Giỗ Tổ Hùng Vương - thứ Năm) nghỉ 1 ngày; ngày 30/4 (thứ Năm) và 1/5 (thứ Sáu) nghỉ 2 ngày. Tổng cộng nghỉ 3 ngày lễ hưởng nguyên lương, cộng các ngày cuối tuần liền kề.","Lao dong - Tien luong","Nguyen Van Tan","2026-04-01","Bo luat Lao dong 2019;Dieu 112","Nghi le;Gio To Hung Vuong;30/4",1500,"https://thuvienphapluat.vn/hoi-dap-phap-luat/khong-hoan-doi-lich-nghi-gio-to-hung-vuong-2026-va-304-15-cua-nguoi-lao-dong-tren-ca-nuoc-thi-nghi--138085634.html"
138085238,"Mua vàng nhẫn có phải chuyển khoản không?","Theo Nghị định 24/2012/NĐ-CP sửa đổi bởi Nghị định 232/2025/NĐ-CP, giao dịch mua bán vàng có giá trị từ 20 triệu đồng/ngày trở lên phải thực hiện qua chuyển khoản ngân hàng. Giao dịch dưới 20 triệu đồng được thanh toán bằng tiền mặt. Quy định có hiệu lực từ 10/10/2025.","Tien te - Ngan hang","Luong Thi Tam Nhu","2026-03-29","24/2012/ND-CP;232/2025/ND-CP","Mua ban vang;Chuyen khoan",17,"https://thuvienphapluat.vn/hoi-dap-phap-luat/mua-vang-nhan-co-phai-chuyen-khoan-khong-138085238.html"
138090001,"Lãi suất cho vay tiêu dùng tối đa năm 2026 là bao nhiêu?","Theo Điều 468 Bộ luật Dân sự 2015, lãi suất cho vay không được vượt quá 20%/năm. Đối với các tổ chức tín dụng, lãi suất cho vay do NHNN quy định. Lãi suất cho vay tiêu dùng của công ty tài chính không vượt quá 4 lần lãi suất cơ bản của NHNN. Năm 2026 lãi suất trần khoảng 14-16%/năm.","Tien te - Ngan hang","Pham Van Cuong","2026-03-28","Bo luat Dan su 2015;Dieu 468","Lai suat;Cho vay tieu dung",42,"https://thuvienphapluat.vn/hoi-dap-phap-luat/lai-suat-cho-vay-tieu-dung-toi-da-2026-138090001.html"
138090002,"Điều kiện mở tài khoản thanh toán tại ngân hàng cho cá nhân năm 2026?","Theo Thông tư 23/2025/TT-NHNN, cá nhân mở tài khoản thanh toán cần: từ đủ 18 tuổi có năng lực hành vi dân sự đầy đủ; có giấy tờ tùy thân hợp lệ (CCCD/hộ chiếu); điền đầy đủ mẫu đăng ký mở tài khoản. Người từ 15-18 tuổi có thể mở tài khoản nếu có thu nhập hợp pháp.","Tien te - Ngan hang","Tran Thi Huong","2026-03-27","23/2025/TT-NHNN;Bo luat Dan su 2015","Tai khoan ngan hang;Mo tai khoan",35,"https://thuvienphapluat.vn/hoi-dap-phap-luat/dieu-kien-mo-tai-khoan-thanh-toan-138090002.html"
138090003,"Quy định mới về hạn mức chuyển khoản ngân hàng 2026?","Theo Thông tư 25/2025/TT-NHNN, hạn mức chuyển khoản do ngân hàng quy định dựa trên đánh giá rủi ro khách hàng. Chuyển khoản qua ứng dụng mobile banking tối đa 500 triệu đồng/ngày (mặc định), có thể tăng nếu xác thực sinh trắc học. Chuyển khoản tại quầy không giới hạn.","Tien te - Ngan hang","Nguyen Van Linh","2026-03-26","25/2025/TT-NHNN","Chuyen khoan;Han muc;Mobile banking",88,"https://thuvienphapluat.vn/hoi-dap-phap-luat/han-muc-chuyen-khoan-ngan-hang-2026-138090003.html"
138090004,"Ngân hàng có quyền phong tỏa tài khoản cá nhân khi nào?","Theo Điều 17 Luật Các tổ chức tín dụng 2024, ngân hàng phong tỏa tài khoản khi: có yêu cầu bằng văn bản của cơ quan có thẩm quyền; có tranh chấp về tài khoản; phát hiện giao dịch đáng ngờ về rửa tiền; chủ tài khoản chết mà chưa xác định người thừa kế.","Tien te - Ngan hang","Pham Van Cuong","2026-03-25","Luat TCTD 2024;Dieu 17;Luat Phong chong rua tien 2022","Phong toa tai khoan;Ngan hang",120,"https://thuvienphapluat.vn/hoi-dap-phap-luat/ngan-hang-phong-toa-tai-khoan-khi-nao-138090004.html"
138090005,"Xác thực sinh trắc học khi chuyển khoản trên 10 triệu có bắt buộc không?","Theo Quyết định 2345/QĐ-NHNN, từ 01/01/2025, giao dịch chuyển tiền trên 10 triệu đồng/lần hoặc tổng trên 20 triệu đồng/ngày qua kênh điện tử phải xác thực bằng sinh trắc học (khuôn mặt hoặc vân tay). Quy định áp dụng bắt buộc cho tất cả ngân hàng và trung gian thanh toán.","Tien te - Ngan hang","Tran Thi Huong","2026-03-24","2345/QD-NHNN","Sinh trac hoc;Chuyen khoan;Bao mat",250,"https://thuvienphapluat.vn/hoi-dap-phap-luat/xac-thuc-sinh-trac-hoc-chuyen-khoan-138090005.html"
138090006,"Phí chuyển tiền liên ngân hàng qua Napas 2026 là bao nhiêu?","Theo quy định hiện hành, phí chuyển tiền liên ngân hàng qua hệ thống Napas do ngân hàng quy định. Đa số ngân hàng miễn phí chuyển khoản liên ngân hàng online dưới 500 triệu đồng. Chuyển khoản tại quầy phí từ 5.500-11.000 đồng/giao dịch tùy ngân hàng.","Tien te - Ngan hang","Le Minh Tuan","2026-03-23","","Phi chuyen tien;Napas;Lien ngan hang",180,"https://thuvienphapluat.vn/hoi-dap-phap-luat/phi-chuyen-tien-lien-ngan-hang-napas-2026-138090006.html"
138090007,"Mất thẻ ngân hàng phải làm gì? Thủ tục khóa thẻ và cấp lại?","Khi mất thẻ: Bước 1 - gọi hotline ngân hàng khóa thẻ ngay (hoặc khóa qua app). Bước 2 - đến phòng giao dịch mang theo CCCD để làm đơn báo mất. Bước 3 - nộp phí cấp lại (50.000-100.000 đồng). Bước 4 - nhận thẻ mới sau 3-7 ngày làm việc. Số tài khoản không thay đổi.","Tien te - Ngan hang","Nguyen Van Linh","2026-03-22","","Mat the;Khoa the;Cap lai the",95,"https://thuvienphapluat.vn/hoi-dap-phap-luat/mat-the-ngan-hang-phai-lam-gi-138090007.html"
138090008,"Có được rút tiền ATM ở ngân hàng khác không? Phí bao nhiêu?","Được. Chủ thẻ có thể rút tiền tại ATM bất kỳ ngân hàng nào trong mạng lưới Napas/Banknet. Phí rút nội mạng (cùng ngân hàng): miễn phí. Phí rút ngoại mạng (khác ngân hàng): 1.650-3.300 đồng/lần. Hạn mức rút tối đa 5-10 triệu đồng/lần, 30-50 triệu đồng/ngày tùy ngân hàng.","Tien te - Ngan hang","Pham Van Cuong","2026-03-21","","Rut tien ATM;Phi rut tien;Ngoai mang",200,"https://thuvienphapluat.vn/hoi-dap-phap-luat/rut-tien-atm-ngan-hang-khac-phi-bao-nhieu-138090008.html"
138090010,"Thủ tục đăng ký thành lập doanh nghiệp tư nhân năm 2026?","Theo Luật Doanh nghiệp 2020, hồ sơ gồm: Giấy đề nghị đăng ký (theo mẫu); bản sao CCCD chủ doanh nghiệp. Nộp tại Phòng ĐKKD Sở KH&ĐT hoặc online tại dangkykinhdoanh.gov.vn. Thời hạn giải quyết: 3 ngày làm việc. Lệ phí: 50.000 đồng (miễn phí nếu nộp online).","Doanh nghiep","Nguyen Hoang Nam","2026-03-28","Luat Doanh nghiep 2020;Dieu 21;Dieu 22","Dang ky doanh nghiep;DNTN",55,"https://thuvienphapluat.vn/hoi-dap-phap-luat/thu-tuc-dang-ky-doanh-nghiep-tu-nhan-2026-138090010.html"
138090011,"Điều kiện thành lập công ty TNHH 1 thành viên năm 2026?","Cá nhân từ 18 tuổi, có năng lực hành vi dân sự đầy đủ, không thuộc đối tượng bị cấm (công chức, sĩ quan quân đội). Không yêu cầu vốn điều lệ tối thiểu (trừ ngành nghề có yêu cầu riêng). Phải có trụ sở hợp pháp tại Việt Nam. Ngành nghề kinh doanh phải thuộc danh mục được phép.","Doanh nghiep","Tran Thi Mai","2026-03-27","Luat Doanh nghiep 2020;Dieu 74;Dieu 17","Cong ty TNHH;Thanh lap cong ty",68,"https://thuvienphapluat.vn/hoi-dap-phap-luat/dieu-kien-thanh-lap-cong-ty-tnhh-1-thanh-vien-138090011.html"
138090012,"Sự khác nhau giữa công ty TNHH và công ty cổ phần?","Công ty TNHH: tối đa 50 thành viên, không phát hành cổ phiếu, chuyển nhượng vốn hạn chế. Công ty cổ phần: từ 3 cổ đông trở lên, được phát hành cổ phiếu, tự do chuyển nhượng cổ phần. Cả hai đều có tư cách pháp nhân và chịu trách nhiệm hữu hạn trong phạm vi vốn góp.","Doanh nghiep","Nguyen Hoang Nam","2026-03-26","Luat Doanh nghiep 2020;Dieu 46;Dieu 111","TNHH;Co phan;So sanh",150,"https://thuvienphapluat.vn/hoi-dap-phap-luat/su-khac-nhau-tnhh-va-co-phan-138090012.html"
138090013,"Thủ tục giải thể doanh nghiệp tự nguyện năm 2026?","Bước 1: Quyết định giải thể (HĐTV/ĐHĐCĐ). Bước 2: Thanh lý tài sản, thanh toán nợ. Bước 3: Hoàn thành nghĩa vụ thuế, đóng MST. Bước 4: Nộp hồ sơ giải thể tại Phòng ĐKKD. Bước 5: Công bố trên Cổng thông tin quốc gia. Thời hạn: 180 ngày kể từ ngày quyết định giải thể.","Doanh nghiep","Le Van Thanh","2026-03-25","Luat Doanh nghiep 2020;Dieu 207;Dieu 208","Giai the;Doanh nghiep",40,"https://thuvienphapluat.vn/hoi-dap-phap-luat/thu-tuc-giai-the-doanh-nghiep-2026-138090013.html"
138090014,"Mức phạt doanh nghiệp không nộp báo cáo tài chính 2026?","Theo Nghị định 41/2018/NĐ-CP sửa đổi bởi NĐ 102/2021/NĐ-CP, doanh nghiệp không nộp BCTC đúng hạn bị phạt 5-10 triệu đồng. Không nộp BCTC bị phạt 10-20 triệu đồng. BCTC có sai sót nghiêm trọng phạt 20-30 triệu đồng. Ngoài ra bị buộc nộp bổ sung báo cáo đúng quy định.","Doanh nghiep","Pham Minh Tuan","2026-03-24","41/2018/ND-CP;102/2021/ND-CP","Bao cao tai chinh;Xu phat",75,"https://thuvienphapluat.vn/hoi-dap-phap-luat/muc-phat-khong-nop-bao-cao-tai-chinh-138090014.html"
138090015,"Con dấu doanh nghiệp có bắt buộc không? Quy định mới 2026?","Theo Luật Doanh nghiệp 2020, con dấu không bắt buộc. Doanh nghiệp tự quyết định hình thức, nội dung, số lượng con dấu. Có thể sử dụng chữ ký số thay con dấu. Tuy nhiên, một số giao dịch với cơ quan nhà nước vẫn yêu cầu đóng dấu theo thói quen hành chính.","Doanh nghiep","Tran Thi Mai","2026-03-23","Luat Doanh nghiep 2020;Dieu 43","Con dau;Doanh nghiep",90,"https://thuvienphapluat.vn/hoi-dap-phap-luat/con-dau-doanh-nghiep-bat-buoc-khong-138090015.html"
138090016,"Thuế thu nhập doanh nghiệp năm 2026 là bao nhiêu phần trăm?","Thuế suất TNDN phổ thông là 20%. Doanh nghiệp có tổng doanh thu dưới 10 tỷ đồng/năm được áp dụng thuế suất 15-17%. Doanh nghiệp trong khu công nghiệp, khu kinh tế được ưu đãi thuế suất 10% trong 15 năm. Thuế suất 32-50% áp dụng cho doanh nghiệp khai thác tài nguyên.","Doanh nghiep","Nguyen Van Binh","2026-03-22","Luat Thue TNDN;Nghi dinh 218/2013/ND-CP","Thue TNDN;Thue suat",200,"https://thuvienphapluat.vn/hoi-dap-phap-luat/thue-tndn-2026-bao-nhieu-phan-tram-138090016.html"
138090017,"Quy định mới về hóa đơn điện tử 2026 cho doanh nghiệp nhỏ?","Theo Nghị định 123/2020/NĐ-CP và Thông tư 78/2021/TT-BTC, tất cả doanh nghiệp phải sử dụng hóa đơn điện tử. Doanh nghiệp nhỏ và siêu nhỏ được miễn phí sử dụng hóa đơn điện tử qua cổng thuế điện tử trong 24 tháng đầu. Chi phí dịch vụ HĐĐT khoảng 5.000-15.000 đồng/hóa đơn.","Doanh nghiep","Le Van Thanh","2026-03-21","123/2020/ND-CP;78/2021/TT-BTC","Hoa don dien tu;Doanh nghiep nho",110,"https://thuvienphapluat.vn/hoi-dap-phap-luat/hoa-don-dien-tu-2026-doanh-nghiep-nho-138090017.html"
138090020,"Quyền thừa kế nhà đất khi không có di chúc?","Theo Điều 651 Bộ luật Dân sự 2015, khi không có di chúc, tài sản chia theo pháp luật. Hàng thừa kế thứ nhất gồm: vợ/chồng, cha mẹ đẻ, cha mẹ nuôi, con đẻ, con nuôi. Nếu không có hàng thứ nhất, chuyển sang hàng thứ hai: ông bà, anh chị em ruột, cháu ruột. Mỗi người được chia phần bằng nhau.","Bat dong san","Nguyen Thi Lan","2026-03-28","Bo luat Dan su 2015;Dieu 651;Dieu 652","Thua ke;Nha dat;Di chuc",320,"https://thuvienphapluat.vn/hoi-dap-phap-luat/quyen-thua-ke-nha-dat-khong-di-chuc-138090020.html"
138090021,"Thủ tục sang tên sổ đỏ khi mua bán nhà đất năm 2026?","Bước 1: Công chứng hợp đồng mua bán tại phòng công chứng. Bước 2: Nộp thuế (2% thuế TNCN + 0.5% lệ phí trước bạ). Bước 3: Nộp hồ sơ tại Chi nhánh VP Đăng ký đất đai. Bước 4: Nhận sổ mới trong 10-15 ngày làm việc. Hồ sơ gồm: đơn đăng ký, hợp đồng công chứng, sổ gốc, CCCD hai bên.","Bat dong san","Tran Van Hung","2026-03-27","Luat Dat dai 2024;Dieu 45;Dieu 79","Sang ten so do;Mua ban nha dat",450,"https://thuvienphapluat.vn/hoi-dap-phap-luat/thu-tuc-sang-ten-so-do-2026-138090021.html"
138090022,"Đất thổ cư là gì? Phân biệt đất thổ cư và đất nông nghiệp?","Đất thổ cư (đất ở) là đất xây dựng nhà ở, công trình phục vụ sinh hoạt. Ký hiệu ONT (nông thôn) hoặc ODT (đô thị). Đất nông nghiệp là đất sản xuất nông nghiệp, ký hiệu LUA, HNK, CLN. Đất thổ cư được cấp sổ đỏ, xây nhà. Đất nông nghiệp phải chuyển đổi mục đích mới được xây dựng.","Bat dong san","Nguyen Thi Lan","2026-03-26","Luat Dat dai 2024;Dieu 9;Dieu 10","Dat tho cu;Dat nong nghiep;Phan biet",380,"https://thuvienphapluat.vn/hoi-dap-phap-luat/dat-tho-cu-la-gi-phan-biet-138090022.html"
138090023,"Quy định diện tích tối thiểu tách thửa đất năm 2026?","Theo Luật Đất đai 2024, diện tích tối thiểu tách thửa do UBND cấp tỉnh quy định. Ví dụ tại TPHCM: đất ở đô thị tối thiểu 36m2, nông thôn tối thiểu 80m2. Tại Hà Nội: đô thị 30m2, nông thôn 60m2. Thửa đất sau tách phải đảm bảo có lối đi và điều kiện hạ tầng.","Bat dong san","Tran Van Hung","2026-03-25","Luat Dat dai 2024;Dieu 220","Tach thua;Dien tich toi thieu",290,"https://thuvienphapluat.vn/hoi-dap-phap-luat/dien-tich-toi-thieu-tach-thua-2026-138090023.html"
138090024,"Hợp đồng đặt cọc mua nhà đất có cần công chứng không?","Theo Bộ luật Dân sự 2015, hợp đồng đặt cọc không bắt buộc công chứng. Tuy nhiên, nên công chứng để đảm bảo giá trị pháp lý cao hơn, tránh tranh chấp. Nội dung hợp đồng cần có: thông tin các bên, mô tả tài sản, số tiền cọc, thời hạn, điều kiện phạt cọc, cam kết hai bên.","Bat dong san","Le Thi Thuy","2026-03-24","Bo luat Dan su 2015;Dieu 328;Dieu 329","Dat coc;Mua nha;Cong chung",210,"https://thuvienphapluat.vn/hoi-dap-phap-luat/hop-dong-dat-coc-mua-nha-cong-chung-138090024.html"
138090025,"Bảng giá đất năm 2026 tại TPHCM có gì thay đổi?","Theo Quyết định của UBND TPHCM, bảng giá đất 2026 áp dụng phương pháp hệ số điều chỉnh theo Luật Đất đai 2024. Giá đất ở đô thị tăng trung bình 15-25% so với 2025. Đất thương mại dịch vụ tăng 10-20%. Bảng giá mới áp dụng từ 01/01/2026 và điều chỉnh hàng năm.","Bat dong san","Pham Van Hai","2026-03-23","Luat Dat dai 2024;Nghi dinh 71/2024/ND-CP","Bang gia dat;TPHCM;2026",500,"https://thuvienphapluat.vn/hoi-dap-phap-luat/bang-gia-dat-2026-tphcm-138090025.html"
138090026,"Thế chấp sổ đỏ vay ngân hàng cần những giấy tờ gì?","Hồ sơ gồm: Sổ đỏ gốc (GCN quyền sử dụng đất); CCCD hai vợ chồng (nếu tài sản chung); giấy đăng ký kết hôn; hợp đồng thế chấp (ngân hàng chuẩn bị); chứng minh thu nhập (sao kê lương, BCTC). Thời gian thẩm định 3-7 ngày. Khoản vay tối đa 70% giá trị tài sản thế chấp.","Bat dong san","Nguyen Thi Lan","2026-03-22","Luat Dat dai 2024;Bo luat Dan su 2015;Dieu 317","The chap;So do;Vay ngan hang",180,"https://thuvienphapluat.vn/hoi-dap-phap-luat/the-chap-so-do-vay-ngan-hang-138090026.html"
138090027,"Người nước ngoài có được mua nhà tại Việt Nam không?","Theo Luật Nhà ở 2023, cá nhân nước ngoài được nhập cảnh hợp pháp được mua/thuê mua nhà ở thương mại (căn hộ chung cư, nhà ở riêng lẻ trong dự án). Sở hữu tối đa 50 năm, có thể gia hạn. Không quá 30% căn hộ trong 1 tòa nhà hoặc 10% nhà trong 1 dự án thuộc sở hữu người nước ngoài.","Bat dong san","Tran Van Hung","2026-03-21","Luat Nha o 2023;Dieu 19;Dieu 20","Nguoi nuoc ngoai;Mua nha;Viet Nam",350,"https://thuvienphapluat.vn/hoi-dap-phap-luat/nguoi-nuoc-ngoai-mua-nha-viet-nam-138090027.html"
138090028,"Phí công chứng hợp đồng mua bán nhà đất năm 2026?","Theo Thông tư 257/2016/TT-BTC, phí công chứng tính theo giá trị hợp đồng: dưới 50 triệu: 50.000đ; 50 triệu-1 tỷ: 0.1%; 1-3 tỷ: 0.06%; 3-5 tỷ: 0.05%; 5-10 tỷ: 0.04%; trên 10 tỷ: 0.03%. Ví dụ hợp đồng 3 tỷ đồng: phí khoảng 1.7 triệu đồng. Phí này do bên mua hoặc bán chịu theo thỏa thuận.","Bat dong san","Le Thi Thuy","2026-03-20","257/2016/TT-BTC","Phi cong chung;Mua ban nha dat",270,"https://thuvienphapluat.vn/hoi-dap-phap-luat/phi-cong-chung-mua-ban-nha-dat-2026-138090028.html"
138090030,"Mức lương tối thiểu vùng 2026 là bao nhiêu?","Theo Nghị định 74/2024/NĐ-CP, mức lương tối thiểu từ 01/07/2024: Vùng I: 4.960.000đ; Vùng II: 4.410.000đ; Vùng III: 3.860.000đ; Vùng IV: 3.450.000đ. Năm 2026 dự kiến điều chỉnh tăng 6% từ 01/07/2026 theo đề xuất của Hội đồng Tiền lương quốc gia.","Lao dong - Tien luong","Nguyen Van Binh","2026-03-28","74/2024/ND-CP;Bo luat Lao dong 2019;Dieu 91","Luong toi thieu;Vung",800,"https://thuvienphapluat.vn/hoi-dap-phap-luat/muc-luong-toi-thieu-vung-2026-138090030.html"
138090031,"Chế độ thai sản 2026: nghỉ bao nhiêu ngày, hưởng bao nhiêu tiền?","Lao động nữ sinh con nghỉ 6 tháng hưởng chế độ thai sản. Mức hưởng: 100% bình quân tiền lương đóng BHXH 6 tháng trước nghỉ. Trợ cấp 1 lần: 2 tháng lương cơ sở (2.340.000đ x 2 = 4.680.000đ năm 2026). Lao động nam: nghỉ 5-14 ngày khi vợ sinh tùy trường hợp.","Lao dong - Tien luong","Tran Thi Nga","2026-03-27","Luat BHXH 2024;Dieu 52;Dieu 53","Thai san;BHXH;Nghi sinh",650,"https://thuvienphapluat.vn/hoi-dap-phap-luat/che-do-thai-san-2026-138090031.html"
138090032,"Thời gian thử việc tối đa theo Bộ luật Lao động 2019?","Theo Điều 25 Bộ luật Lao động 2019: công việc cần trình độ chuyên môn từ cao đẳng trở lên: tối đa 60 ngày. Công việc cần trình độ trung cấp, công nhân kỹ thuật: tối đa 30 ngày. Công việc khác: tối đa 6 ngày. Lương thử việc ít nhất 85% lương chính thức. Chỉ thử việc 1 lần cho 1 công việc.","Lao dong - Tien luong","Luong Thi Tam Nhu","2026-03-26","Bo luat Lao dong 2019;Dieu 25;Dieu 26","Thu viec;Thoi gian;Luong thu viec",420,"https://thuvienphapluat.vn/hoi-dap-phap-luat/thoi-gian-thu-viec-toi-da-138090032.html"
138090033,"Người lao động được nghỉ phép năm bao nhiêu ngày?","Theo Điều 113 Bộ luật Lao động 2019: điều kiện bình thường: 12 ngày/năm. Công việc nặng nhọc, độc hại: 14 ngày/năm. Công việc đặc biệt nặng nhọc: 16 ngày/năm. Cứ 5 năm làm việc thêm 1 ngày phép. Ngày phép chưa nghỉ được thanh toán bằng tiền khi nghỉ việc.","Lao dong - Tien luong","Nguyen Van Tan","2026-03-25","Bo luat Lao dong 2019;Dieu 113;Dieu 114","Nghi phep;Phep nam;Thanh toan phep",550,"https://thuvienphapluat.vn/hoi-dap-phap-luat/nghi-phep-nam-bao-nhieu-ngay-138090033.html"
138090034,"Điều kiện hưởng bảo hiểm thất nghiệp 2026?","Theo Luật Việc làm 2025, điều kiện hưởng BHTN: đóng BHTN từ đủ 12 tháng trong 24 tháng trước khi thất nghiệp; đã đăng ký thất nghiệp tại Trung tâm DVVL trong 3 tháng; chưa tìm được việc sau 15 ngày đăng ký. Mức hưởng: 60% bình quân tiền lương 6 tháng. Tối đa 12 tháng.","Lao dong - Tien luong","Le Thi Hoa","2026-03-24","Luat Viec lam 2025;125/2025/ND-CP","BHTN;That nghiep;Dieu kien",380,"https://thuvienphapluat.vn/hoi-dap-phap-luat/dieu-kien-huong-bao-hiem-that-nghiep-2026-138090034.html"
138090035,"Người lao động tự ý nghỉ việc không báo trước bị xử lý thế nào?","Theo Điều 39 Bộ luật Lao động 2019, NLĐ đơn phương chấm dứt HĐLĐ không đúng quy định phải: bồi thường nửa tháng lương; hoàn trả chi phí đào tạo (nếu có); không được trợ cấp thôi việc. Ngoài ra phải báo trước đúng thời hạn: 45 ngày (HĐLĐ không xác định thời hạn), 30 ngày (HĐLĐ xác định thời hạn).","Lao dong - Tien luong","Tran Minh Quang","2026-03-23","Bo luat Lao dong 2019;Dieu 39;Dieu 40","Nghi viec;Boi thuong;Bao truoc",300,"https://thuvienphapluat.vn/hoi-dap-phap-luat/tu-y-nghi-viec-khong-bao-truoc-138090035.html"
138090036,"Tuổi nghỉ hưu năm 2026 là bao nhiêu?","Theo Điều 169 Bộ luật Lao động 2019, tuổi nghỉ hưu tăng dần hàng năm. Năm 2026: nam 61 tuổi 3 tháng, nữ 56 tuổi 8 tháng. Lộ trình đến 2028 nam đủ 62 tuổi, đến 2035 nữ đủ 60 tuổi. Nghỉ hưu sớm hơn 5 năm nếu làm công việc nặng nhọc hoặc suy giảm khả năng lao động từ 61%.","Lao dong - Tien luong","Pham Minh Tuan","2026-03-22","Bo luat Lao dong 2019;Dieu 169","Tuoi nghi huu;Huu tri;2026",700,"https://thuvienphapluat.vn/hoi-dap-phap-luat/tuoi-nghi-huu-2026-138090036.html"
138090037,"Làm thêm giờ tối đa bao nhiêu giờ trong tháng 2026?","Theo Nghị quyết 17/2022/UBTVQH15, số giờ làm thêm tối đa: không quá 40 giờ/tháng (bình thường) hoặc 60 giờ/tháng (trường hợp đặc biệt). Tổng không quá 300 giờ/năm. Tiền lương làm thêm: ngày thường 150%, ngày nghỉ hàng tuần 200%, ngày lễ 300% lương ngày bình thường.","Lao dong - Tien luong","Nguyen Van Tan","2026-03-21","Bo luat Lao dong 2019;Dieu 107;17/2022/UBTVQH15","Lam them gio;Tang ca;Luong lam them",480,"https://thuvienphapluat.vn/hoi-dap-phap-luat/lam-them-gio-toi-da-2026-138090037.html"
138090040,"Thủ tục ly hôn thuận tình năm 2026?","Bước 1: Hai bên chuẩn bị đơn xin ly hôn thuận tình (có thỏa thuận về con, tài sản). Bước 2: Nộp đơn tại TAND cấp huyện nơi cư trú. Bước 3: Tòa triệu tập hòa giải (trong 15 ngày). Bước 4: Nếu hòa giải không thành, tòa mở phiên họp công nhận thuận tình ly hôn. Thời gian: 1-2 tháng. Án phí: 300.000đ.","Quyen dan su","Nguyen Thi Hien","2026-03-28","Luat Hon nhan va Gia dinh 2014;Dieu 55;Bo luat TTDS 2015","Ly hon;Thuan tinh;Thu tuc",600,"https://thuvienphapluat.vn/hoi-dap-phap-luat/thu-tuc-ly-hon-thuan-tinh-2026-138090040.html"
138090041,"Quyền nuôi con sau ly hôn thuộc về ai?","Theo Điều 81 Luật Hôn nhân và Gia đình 2014, con dưới 36 tháng tuổi giao cho mẹ nuôi (trừ trường hợp mẹ không đủ điều kiện). Con từ 7 tuổi trở lên được xem xét nguyện vọng. Tòa căn cứ vào: điều kiện kinh tế, đạo đức, thời gian chăm sóc, môi trường sống để quyết định.","Quyen dan su","Tran Thi Lan","2026-03-27","Luat Hon nhan va Gia dinh 2014;Dieu 81;Dieu 82","Quyen nuoi con;Ly hon",450,"https://thuvienphapluat.vn/hoi-dap-phap-luat/quyen-nuoi-con-sau-ly-hon-138090041.html"
138090042,"Thủ tục đăng ký kết hôn năm 2026 cần giấy tờ gì?","Theo Luật Hộ tịch 2014, hồ sơ gồm: Tờ khai đăng ký kết hôn (theo mẫu); CCCD hai bên; giấy xác nhận tình trạng hôn nhân. Nộp tại UBND cấp xã nơi cư trú một trong hai bên. Thời hạn giải quyết: 5 ngày làm việc. Lệ phí: miễn phí (đăng ký lần đầu). Nam từ 20 tuổi, nữ từ 18 tuổi.","Quyen dan su","Le Thi Mai","2026-03-26","Luat Ho tich 2014;Dieu 18;Luat HNGD 2014;Dieu 8","Ket hon;Dang ky;Thu tuc",350,"https://thuvienphapluat.vn/hoi-dap-phap-luat/thu-tuc-dang-ky-ket-hon-2026-138090042.html"
138090043,"Làm lại giấy khai sinh bị mất cần thủ tục gì?","Trường hợp mất giấy khai sinh gốc, thực hiện đăng ký lại khai sinh tại UBND cấp xã nơi đã đăng ký trước đó. Hồ sơ: Tờ khai đăng ký lại khai sinh; bản sao CCCD; giấy tờ chứng minh sự kiện sinh (hồ sơ bệnh viện, sổ hộ khẩu cũ). Thời hạn: 5 ngày. Lệ phí: miễn phí lần đầu.","Quyen dan su","Nguyen Thi Hien","2026-03-25","Luat Ho tich 2014;Dieu 24;Dieu 26","Giay khai sinh;Dang ky lai",280,"https://thuvienphapluat.vn/hoi-dap-phap-luat/lam-lai-giay-khai-sinh-bi-mat-138090043.html"
138090044,"Điều kiện nhận con nuôi theo quy định pháp luật 2026?","Theo Luật Nuôi con nuôi 2010, điều kiện người nhận: hơn con nuôi từ 20 tuổi trở lên; có năng lực hành vi dân sự đầy đủ; có điều kiện kinh tế, chỗ ở; có tư cách đạo đức tốt; không bị hạn chế quyền cha mẹ. Hồ sơ nộp tại Sở Tư pháp. Thời gian xử lý: 30 ngày.","Quyen dan su","Pham Thi Hoa","2026-03-24","Luat Nuoi con nuoi 2010;Dieu 14","Nhan con nuoi;Dieu kien",120,"https://thuvienphapluat.vn/hoi-dap-phap-luat/dieu-kien-nhan-con-nuoi-2026-138090044.html"
138090045,"Thủ tục cấp lại CCCD bị mất năm 2026?","Bước 1: Khai báo mất CCCD tại công an cấp xã. Bước 2: Đến cơ quan công an cấp huyện/tỉnh nộp hồ sơ cấp lại. Bước 3: Chụp ảnh, lấy vân tay, mống mắt. Bước 4: Nhận CCCD mới sau 7 ngày (cấp huyện) hoặc 3 ngày (cấp tỉnh). Lệ phí: 70.000đ. Số CCCD không thay đổi.","Quyen dan su","Vo Minh Tuan","2026-03-23","Luat Can cuoc 2023;Dieu 25","CCCD;Cap lai;Thu tuc",500,"https://thuvienphapluat.vn/hoi-dap-phap-luat/thu-tuc-cap-lai-cccd-bi-mat-2026-138090045.html"
138090046,"Mức phạt vi phạm giao thông xe máy không đội mũ bảo hiểm 2026?","Theo Nghị định 168/2024/NĐ-CP, người điều khiển xe máy không đội mũ bảo hiểm bị phạt 400.000-600.000 đồng. Người ngồi sau không đội mũ: phạt người điều khiển 400.000-600.000 đồng. Đội mũ không cài quai: phạt 200.000-400.000 đồng. Ngoài ra trừ 2 điểm giấy phép lái xe.","Giao thong - Van tai","Tran Van Minh","2026-03-28","168/2024/ND-CP","Mu bao hiem;Xe may;Xu phat",900,"https://thuvienphapluat.vn/hoi-dap-phap-luat/phat-khong-doi-mu-bao-hiem-2026-138090046.html"
138090047,"Quy định nồng độ cồn khi lái xe 2026?","Theo Nghị định 168/2024/NĐ-CP và Luật Trật tự ATGT đường bộ 2024, nồng độ cồn bằng 0 đối với người lái xe. Bất kỳ mức cồn nào đều bị xử phạt. Xe máy: phạt 2-3 triệu (cồn chưa vượt 0.25mg/l), 4-5 triệu (0.25-0.4mg/l), 6-8 triệu (trên 0.4mg/l). Ô tô phạt gấp đôi.","Giao thong - Van tai","Pham Van Hai","2026-03-27","168/2024/ND-CP;Luat Trat tu ATGT 2024","Nong do con;Xu phat;Lai xe",1200,"https://thuvienphapluat.vn/hoi-dap-phap-luat/nong-do-con-lai-xe-2026-138090047.html"
138090048,"Bằng lái xe hạng B1 được điều khiển những loại xe nào?","Theo Luật Trật tự ATGT đường bộ 2024, GPLX hạng B1 được điều khiển: ô tô chở người đến 9 chỗ; ô tô tải trọng dưới 3.5 tấn; ô tô chuyên dùng tải trọng dưới 3.5 tấn. Không được lái xe kéo moóc, xe container. Tuổi tối thiểu: 18 tuổi. Thời hạn GPLX: 10 năm.","Giao thong - Van tai","Nguyen Van Binh","2026-03-26","Luat Trat tu ATGT 2024;Dieu 58","Bang lai xe;Hang B1;O to",750,"https://thuvienphapluat.vn/hoi-dap-phap-luat/bang-lai-xe-hang-b1-duoc-lai-xe-nao-138090048.html"
138090049,"Phí đăng ký xe ô tô mới năm 2026 bao nhiêu?","Lệ phí trước bạ ô tô: lần đầu 10-12% (tùy tỉnh), ô tô đã qua sử dụng 2%. Tại TPHCM: 10%, Hà Nội: 12%. Phí đăng ký biển số: 20 triệu đồng (khu vực 1), 150.000đ (khu vực khác). Phí kiểm định: 340.000đ. Bảo hiểm TNDS bắt buộc: 480.000đ/năm. Tổng chi phí ước tính từ 25-50 triệu tùy giá xe.","Giao thong - Van tai","Tran Van Minh","2026-03-25","Nghi dinh 10/2022/ND-CP;Thong tu 13/2022/TT-BTC","Dang ky xe;Le phi;O to moi",600,"https://thuvienphapluat.vn/hoi-dap-phap-luat/phi-dang-ky-xe-o-to-moi-2026-138090049.html"
138090050,"Hạn đổi giấy phép lái xe ô tô là bao lâu?","Theo Luật Trật tự ATGT 2024, GPLX hạng B1 có thời hạn 10 năm. Phải đổi trước khi hết hạn. Hồ sơ: đơn đề nghị, GPLX cũ, CCCD, giấy khám sức khỏe, ảnh 3x4. Nộp tại Sở GTVT hoặc online qua dichvucong.gov.vn. Thời gian: 5 ngày. Lệ phí: 135.000đ. GPLX hết hạn trên 3 tháng phải thi lại.","Giao thong - Van tai","Pham Van Hai","2026-03-24","Luat Trat tu ATGT 2024;Dieu 62","GPLX;Doi bang lai;Han su dung",430,"https://thuvienphapluat.vn/hoi-dap-phap-luat/han-doi-giay-phep-lai-xe-138090050.html"
138090051,"Mức phạt vượt đèn đỏ đối với ô tô năm 2026?","Theo Nghị định 168/2024/NĐ-CP, ô tô vượt đèn đỏ bị phạt 18-20 triệu đồng (trước đây 4-6 triệu). Ngoài ra bị tước GPLX 2-4 tháng và trừ 4 điểm. Xe máy vượt đèn đỏ: phạt 4-6 triệu đồng, trừ 4 điểm. Mức phạt tăng gấp 3-4 lần so với quy định cũ.","Giao thong - Van tai","Nguyen Van Binh","2026-03-23","168/2024/ND-CP","Vuot den do;Xu phat;O to",1100,"https://thuvienphapluat.vn/hoi-dap-phap-luat/phat-vuot-den-do-o-to-2026-138090051.html"
138090052,"Xe máy trên 175cc có cần bằng lái A2 không?","Theo Luật Trật tự ATGT 2024, xe mô tô có dung tích xi lanh trên 175cc yêu cầu GPLX hạng A2. Hạng A1 chỉ được lái xe dưới 175cc. Vi phạm không có GPLX phù hợp bị phạt 1-2 triệu đồng, tạm giữ xe 7 ngày. Để thi A2 cần có A1 trước ít nhất 2 năm, tuổi từ 18.","Giao thong - Van tai","Tran Van Minh","2026-03-22","Luat Trat tu ATGT 2024;Dieu 57","Bang A2;Xe may;175cc",350,"https://thuvienphapluat.vn/hoi-dap-phap-luat/xe-may-175cc-bang-a2-138090052.html"
138090053,"Lệ phí đăng ký xe máy 2026 là bao nhiêu?","Lệ phí trước bạ xe máy lần đầu: 5% (hầu hết tỉnh), Hà Nội: 5%. Xe đã qua sử dụng: 1%. Phí cấp biển số: 150.000đ. Phí đăng ký: 50.000đ. Bảo hiểm TNDS bắt buộc: 55.000đ/năm. Tổng chi phí đăng ký xe máy mới giá 30 triệu khoảng 1.8 triệu đồng.","Giao thong - Van tai","Pham Van Hai","2026-03-21","Nghi dinh 10/2022/ND-CP;Thong tu 13/2022/TT-BTC","Dang ky xe may;Le phi",280,"https://thuvienphapluat.vn/hoi-dap-phap-luat/le-phi-dang-ky-xe-may-2026-138090053.html"
138090055,"Mức đóng bảo hiểm xã hội bắt buộc năm 2026?","Tổng mức đóng BHXH bắt buộc: 32% lương (NLĐ 10.5%, NSDLĐ 21.5%). Chi tiết NLĐ: BHXH 8%, BHYT 1.5%, BHTN 1%. NSDLĐ: BHXH 17.5%, BHYT 3%, BHTN 1%. Mức lương đóng tối đa: 20 lần lương cơ sở (23.400.000đ x 20 = 468 triệu đồng/tháng năm 2026).","Lao dong - Tien luong","Le Thi Hoa","2026-03-20","Luat BHXH 2024;Dieu 33","BHXH;Muc dong;2026",950,"https://thuvienphapluat.vn/hoi-dap-phap-luat/muc-dong-bhxh-2026-138090055.html"
138090056,"Hồ sơ xin visa du lịch Nhật Bản 2026 gồm những gì?","Hồ sơ gồm: hộ chiếu còn hạn trên 6 tháng; ảnh 4.5x4.5cm; đơn xin visa (mẫu); lịch trình du lịch; xác nhận đặt khách sạn/vé máy bay; chứng minh tài chính (sổ tiết kiệm từ 100 triệu); xác nhận công tác/nghỉ phép. Nộp tại Đại sứ quán hoặc qua đại lý ủy quyền. Thời gian xử lý: 5-7 ngày.","Quyen dan su","Tran Thi Lan","2026-03-20","","Visa;Nhat Ban;Du lich",250,"https://thuvienphapluat.vn/hoi-dap-phap-luat/ho-so-xin-visa-nhat-ban-2026-138090056.html"
138090057,"Trách nhiệm bồi thường khi gây tai nạn giao thông?","Theo Điều 584 Bộ luật Dân sự 2015, người gây thiệt hại phải bồi thường: chi phí điều trị, thu nhập bị mất, tổn thất tinh thần. Trường hợp chết: chi phí mai táng, cấp dưỡng người phụ thuộc, bồi thường tổn thất tinh thần tối đa 100 lần lương cơ sở (234 triệu đồng năm 2026). Bảo hiểm TNDS chi trả trước, phần vượt người gây tai nạn chịu.","Giao thong - Van tai","Nguyen Hoang Anh","2026-03-19","Bo luat Dan su 2015;Dieu 584;Dieu 590;Dieu 591","Boi thuong;Tai nan giao thong",340,"https://thuvienphapluat.vn/hoi-dap-phap-luat/boi-thuong-tai-nan-giao-thong-138090057.html"
138090058,"Lương cơ sở 2026 là bao nhiêu?","Từ 01/07/2024, lương cơ sở là 2.340.000 đồng/tháng theo Nghị định 73/2024/NĐ-CP. Năm 2026, mức lương cơ sở dự kiến áp dụng đến khi có bảng lương mới theo cải cách tiền lương. Lương cơ sở dùng để tính: phụ cấp, trợ cấp, BHXH, mức phạt vi phạm hành chính và các chế độ khác.","Lao dong - Tien luong","Nguyen Van Binh","2026-03-19","73/2024/ND-CP","Luong co so;2026",1500,"https://thuvienphapluat.vn/hoi-dap-phap-luat/luong-co-so-2026-138090058.html"
138090059,"Thời hiệu khởi kiện vụ án dân sự là bao lâu?","Theo Điều 429 Bộ luật Dân sự 2015, thời hiệu khởi kiện vụ án dân sự là 3 năm kể từ ngày biết hoặc phải biết quyền lợi bị xâm phạm. Riêng tranh chấp thừa kế: 30 năm (bất động sản), 10 năm (động sản). Tranh chấp hợp đồng: 3 năm. Yêu cầu bồi thường thiệt hại: 3 năm.","Quyen dan su","Pham Thi Hoa","2026-03-18","Bo luat Dan su 2015;Dieu 429;Dieu 623","Thoi hieu;Khoi kien;Dan su",190,"https://thuvienphapluat.vn/hoi-dap-phap-luat/thoi-hieu-khoi-kien-dan-su-138090059.html"
138090060,"Có được quay phim, chụp ảnh CSGT đang làm nhiệm vụ không?","Theo Thông tư 67/2019/TT-BCA, người dân có quyền giám sát CSGT bằng cách quan sát trực tiếp, ghi âm, ghi hình. Tuy nhiên phải đảm bảo: không cản trở, gây khó khăn cho việc thực thi nhiệm vụ; giữ khoảng cách an toàn; không xuyên tạc, cắt ghép hình ảnh. Quyền này được pháp luật bảo hộ.","Giao thong - Van tai","Tran Van Minh","2026-03-18","67/2019/TT-BCA;Luat Trat tu ATGT 2024","Quay phim CSGT;Giam sat",680,"https://thuvienphapluat.vn/hoi-dap-phap-luat/quay-phim-csgt-lam-nhiem-vu-138090060.html"
138090061,"Mức phạt không mang giấy phép lái xe khi điều khiển ô tô?","Theo Nghị định 168/2024/NĐ-CP, không mang theo GPLX (nhưng có GPLX): phạt 200.000-400.000 đồng. Không có GPLX: phạt 10-14 triệu đồng (ô tô), tạm giữ xe. GPLX hết hạn dưới 3 tháng: phạt 5-7 triệu đồng. GPLX hết hạn trên 3 tháng: coi như không có GPLX, phạt 10-14 triệu.","Giao thong - Van tai","Pham Van Hai","2026-03-17","168/2024/ND-CP","Khong mang GPLX;Xu phat;O to",520,"https://thuvienphapluat.vn/hoi-dap-phap-luat/phat-khong-mang-gplx-o-to-138090061.html"
138090062,"Đất SKC là đất gì? Có được xây nhà trên đất SKC không?","SKC là ký hiệu đất sản xuất kinh doanh phi nông nghiệp (đất cơ sở sản xuất). Đất SKC không được xây nhà ở theo mục đích sử dụng. Muốn xây nhà phải chuyển đổi mục đích sử dụng đất từ SKC sang ODT (đất ở đô thị), phải được UBND cấp có thẩm quyền phê duyệt và nộp tiền chuyển mục đích.","Bat dong san","Nguyen Thi Lan","2026-03-17","Luat Dat dai 2024;Dieu 9;Dieu 121","Dat SKC;Xay nha;Chuyen muc dich",220,"https://thuvienphapluat.vn/hoi-dap-phap-luat/dat-skc-la-gi-xay-nha-duoc-khong-138090062.html"
138090063,"Chi phí làm sổ đỏ lần đầu năm 2026?","Chi phí gồm: lệ phí cấp GCN: 100.000đ (đô thị), miễn phí (nông thôn); phí đo đạc: 500.000-2.000.000đ tùy diện tích; phí thẩm định: 0.15% giá đất; thuế sử dụng đất (nếu giao có thu tiền). Nộp hồ sơ tại Chi nhánh VP Đăng ký đất đai. Thời gian: 15-30 ngày làm việc.","Bat dong san","Tran Van Hung","2026-03-16","Luat Dat dai 2024;Thong tu 85/2019/TT-BTC","So do;Le phi;Lam so do lan dau",400,"https://thuvienphapluat.vn/hoi-dap-phap-luat/chi-phi-lam-so-do-lan-dau-2026-138090063.html"
138090064,"Quy hoạch sử dụng đất tra cứu ở đâu?","Tra cứu quy hoạch sử dụng đất tại: 1) Cổng thông tin quy hoạch quốc gia: quyhoach.gov.vn; 2) Website Sở TN&MT các tỉnh; 3) UBND cấp xã/huyện (xem bản đồ trực tiếp); 4) App Quy hoạch (Android/iOS). Thông tin gồm: mục đích sử dụng, thời kỳ quy hoạch, diện tích đất theo loại.","Bat dong san","Nguyen Thi Lan","2026-03-15","Luat Dat dai 2024;Dieu 65","Quy hoach;Tra cuu;Su dung dat",310,"https://thuvienphapluat.vn/hoi-dap-phap-luat/tra-cuu-quy-hoach-su-dung-dat-138090064.html"
138090065,"Thuế chuyển nhượng bất động sản 2026 là bao nhiêu?","Thuế TNCN từ chuyển nhượng BĐS: 2% giá chuyển nhượng (hoặc giá trên hợp đồng nếu cao hơn giá nhà nước). Lệ phí trước bạ: 0.5% giá trị BĐS. Ví dụ bán nhà 5 tỷ: thuế TNCN = 100 triệu, lệ phí trước bạ = 25 triệu (người mua chịu). Miễn thuế khi: cá nhân chỉ có 1 nhà duy nhất.","Bat dong san","Pham Van Hai","2026-03-14","Luat Thue TNCN;Nghi dinh 12/2015/ND-CP","Thue chuyen nhuong;BDS;TNCN",550,"https://thuvienphapluat.vn/hoi-dap-phap-luat/thue-chuyen-nhuong-bds-2026-138090065.html"
138090070,"Quy định về hợp đồng vay tiền cá nhân không qua ngân hàng?","Theo Điều 463 Bộ luật Dân sự 2015, hợp đồng vay giữa cá nhân không cần công chứng nhưng nên lập bằng văn bản. Nội dung: thông tin hai bên, số tiền vay, lãi suất (không quá 20%/năm), thời hạn, phương thức trả. Vay từ 20 triệu trở lên nên có người làm chứng hoặc công chứng.","Tien te - Ngan hang","Nguyen Van Linh","2026-03-28","Bo luat Dan su 2015;Dieu 463;Dieu 468","Hop dong vay;Ca nhan;Lai suat",160,"https://thuvienphapluat.vn/hoi-dap-phap-luat/hop-dong-vay-tien-ca-nhan-138090070.html"
138090071,"Tố cáo cho vay nặng lãi ở đâu? Mức xử phạt như thế nào?","Tố cáo tại cơ quan công an cấp xã/huyện nơi xảy ra hành vi. Theo Điều 201 Bộ luật Hình sự 2015 sửa đổi 2017, cho vay nặng lãi (lãi suất gấp 5 lần trở lên, tức trên 100%/năm) với số tiền thu lợi bất chính từ 30 triệu đồng: phạt tiền 50-200 triệu hoặc phạt tù đến 3 năm.","Tien te - Ngan hang","Pham Van Cuong","2026-03-27","Bo luat Hinh su 2015;Dieu 201","Cho vay nang lai;To cao;Xu phat",340,"https://thuvienphapluat.vn/hoi-dap-phap-luat/to-cao-cho-vay-nang-lai-138090071.html"
138090072,"Thẻ tín dụng quá hạn bao lâu thì bị ghi nợ xấu CIC?","Theo quy định của Ngân hàng Nhà nước, nợ quá hạn: 10-30 ngày: nợ nhóm 2 (cần chú ý). 31-90 ngày: nợ nhóm 3 (dưới tiêu chuẩn). 91-180 ngày: nợ nhóm 4 (nghi ngờ). Trên 180 ngày: nợ nhóm 5 (có khả năng mất vốn). Nợ nhóm 3-5 là nợ xấu, lưu trong CIC 5 năm kể từ ngày tất toán.","Tien te - Ngan hang","Tran Thi Huong","2026-03-26","Thong tu 11/2021/TT-NHNN","The tin dung;No xau;CIC",280,"https://thuvienphapluat.vn/hoi-dap-phap-luat/the-tin-dung-qua-han-no-xau-cic-138090072.html"
138090073,"Tiền gửi tiết kiệm có bị đánh thuế không?","Theo quy định hiện hành, lãi tiền gửi tiết kiệm tại ngân hàng, tổ chức tín dụng KHÔNG bị đánh thuế thu nhập cá nhân. Đây là thu nhập được miễn thuế theo Điều 4 Luật Thuế TNCN. Tuy nhiên, lãi từ cho vay cá nhân, lãi từ trái phiếu doanh nghiệp vẫn phải nộp thuế 5%.","Tien te - Ngan hang","Nguyen Van Linh","2026-03-25","Luat Thue TNCN;Dieu 4","Tiet kiem;Thue;Lai suat",420,"https://thuvienphapluat.vn/hoi-dap-phap-luat/tien-gui-tiet-kiem-co-bi-thue-khong-138090073.html"
138090075,"Mức lương đóng bảo hiểm xã hội tối đa 2026?","Theo Luật BHXH 2024, mức lương tháng đóng BHXH bắt buộc tối đa bằng 20 lần mức lương cơ sở. Năm 2026 lương cơ sở 2.340.000đ, nên mức tối đa là 46.800.000đ/tháng. Thu nhập vượt mức này không phải đóng BHXH. Mức tối thiểu: lương tối thiểu vùng.","Lao dong - Tien luong","Le Thi Hoa","2026-03-18","Luat BHXH 2024;Dieu 33;Dieu 34","BHXH;Muc dong toi da;Luong",620,"https://thuvienphapluat.vn/hoi-dap-phap-luat/muc-luong-dong-bhxh-toi-da-2026-138090075.html"
138090076,"Nghỉ việc bao lâu thì được rút BHXH 1 lần?","Theo Luật BHXH 2024 (có hiệu lực từ 01/07/2025), người lao động nghỉ việc sau 12 tháng không tham gia BHXH và có yêu cầu thì được rút BHXH 1 lần. Tuy nhiên, luật mới quy định: người tham gia BHXH từ sau 01/07/2025 chỉ được rút tối đa 50% tổng mức đã đóng. Phần còn lại giữ để hưởng hưu trí.","Lao dong - Tien luong","Pham Minh Tuan","2026-03-17","Luat BHXH 2024;Dieu 77","Rut BHXH 1 lan;Nghi viec",1800,"https://thuvienphapluat.vn/hoi-dap-phap-luat/nghi-viec-bao-lau-rut-bhxh-1-lan-138090076.html"
138090077,"Quy trình xin giấy phép xây dựng nhà ở riêng lẻ 2026?","Bước 1: Chuẩn bị hồ sơ (đơn xin, sổ đỏ, bản vẽ thiết kế, cam kết PCCC). Bước 2: Nộp tại UBND cấp huyện hoặc qua dichvucong.gov.vn. Bước 3: Cơ quan thẩm định trong 15 ngày. Bước 4: Nhận giấy phép. Lệ phí: 50.000đ. Nhà ở nông thôn dưới 7 tầng và tổng diện tích dưới 250m2 được miễn GPXD.","Bat dong san","Tran Van Hung","2026-03-16","Luat Xay dung 2014;Dieu 89;Nghi dinh 15/2021/ND-CP","Giay phep xay dung;Nha o",360,"https://thuvienphapluat.vn/hoi-dap-phap-luat/xin-giay-phep-xay-dung-nha-o-2026-138090077.html"
138090078,"Quy định về camera giám sát trong doanh nghiệp: có được quay nhân viên?","Theo Bộ luật Lao động 2019 và Luật An ninh mạng 2018, doanh nghiệp có quyền lắp camera tại nơi làm việc vì mục đích an ninh. Tuy nhiên: phải thông báo cho NLĐ; không lắp trong nhà vệ sinh, phòng thay đồ; không sử dụng để theo dõi đời tư; dữ liệu hình ảnh phải bảo mật. Vi phạm bị phạt 10-20 triệu.","Doanh nghiep","Nguyen Hoang Nam","2026-03-15","Bo luat Lao dong 2019;Luat An ninh mang 2018","Camera;Giam sat;Nhan vien",170,"https://thuvienphapluat.vn/hoi-dap-phap-luat/camera-giam-sat-doanh-nghiep-138090078.html"
138090079,"Mức phạt chậm đóng bảo hiểm xã hội cho nhân viên?","Theo Nghị định 12/2022/NĐ-CP, NSDLĐ chậm đóng BHXH bị phạt: chậm dưới 30 ngày: 12-15% tổng số tiền chậm đóng; 30-90 ngày: 15-20%; trên 90 ngày: 18-20%. Ngoài ra phải đóng bổ sung số tiền chậm + lãi bằng 2 lần lãi suất đầu tư quỹ BHXH. Trốn đóng BHXH có thể bị truy cứu hình sự.","Doanh nghiep","Tran Minh Quang","2026-03-14","12/2022/ND-CP;Luat BHXH 2024","Cham dong BHXH;Xu phat;Doanh nghiep",230,"https://thuvienphapluat.vn/hoi-dap-phap-luat/phat-cham-dong-bhxh-138090079.html"
