"id","title","content","category","doc_type","doc_number","agency","published_date","url","crawled_at"
"138051494","Lịch Vạn niên 2026 - Lịch âm 2026 - Lịch dương 2026 chi tiết, đầy đủ 365 ngày tương ứng âm và dương?","Lịch Vạn niên 2026 - Lịch âm 2026 - Lịch dương 2026 chi tiết, đầy đủ 365 ngày tương ứng âm và dương?

Năm 2026, người lao động được nghỉ các ngày lễ, tết nào trong năm?

Người lao động có các quyền và nghĩa vụ gì?

Xem mới:

>>> Kịch bản sinh hoạt chi bộ tháng 5 2026 chi tiết ra sao?

>>> Tài liệu sinh hoạt chi bộ tháng 5/2026 chi tiết như thế nào?

>>> Nội dung trọng tâm sinh hoạt chi bộ Tháng 5/2026 chi tiết thế nào?

>>> Mẫu nội dung sinh hoạt chi bộ Tháng 5 năm 2026 chi tiết ra sao?

>>> Hướng dẫn sinh hoạt chi bộ tháng 5/2026 đầy đủ như thế nào?

Theo Lịch Vạn niên 2026 - Lịch âm 2026 - Lịch dương 2026, tết Âm lịch 2026 sẽ rơi vào các ngày sau:

- 29 tháng Chạp năm Ất Tỵ (29 Tết): Thứ hai, ngày 16/02/2026 dương lịch

- Mùng 1 tháng Giêng năm Bính Ngọ (Mùng 1 Tết): Thứ ba, ngày 17/02/2026 dương lịch

- Mùng 2 tháng Giêng năm Bính Ngọ (Mùng 2 Tết): Thứ tư, ngày 18/02/2026 dương lịch

- Mùng 3 tháng Giêng năm Bính Ngọ (Mùng 3 Tết): Thứ năm, ngày 19/02/2026 dương lịch

Dưới đây là Lịch Vạn niên 2026 - Lịch âm 2026 - Lịch dương 2026 chi tiết, đầy đủ 365 ngày tương ứng âm và dương:

Lịch Tháng 1 năm 2026

Lịch Tháng 2 năm 2026

Lịch Tháng 3 năm 2026

Lịch Tháng 4 năm 2026

Lịch Tháng 5 năm 2026

Lịch Tháng 6 năm 2026

Lịch Tháng 7 năm 2026

Lịch Tháng 8 năm 2026

Lịch Tháng 9 năm 2026

Lịch Tháng 10 năm 2026

Lịch Tháng 11 năm 2026

Lịch Tháng 12 năm 2026

XEM ĐẦY ĐỦ:

THÁNG 1/2026

>>> Xem lịch âm tháng 1 năm 2026 - Lịch vạn niên tháng 1 năm 2026 đầy đủ, chi tiết, mới nhất

>>> Lịch Dương Tháng 1 2026 chi tiết, chính xác nhất

THÁNG 2/2026

>>> Xem lịch âm tháng 2 năm 2026 - Lịch vạn niên tháng 2 năm 2026 đầy đủ, chi tiết, mới nhất

>>> Lịch Dương Tháng 2 2026 chi tiết, chính xác nhất

THÁNG 3/2026

>>> Xem lịch âm tháng 3 năm 2026 - Lịch vạn niên tháng 3 năm 2026 đầy đủ, chi tiết, mới nhất

>>> Lịch Dương Tháng 3 2026 chi tiết, chính xác nhất

THÁNG 4/2026

>>> Xem lịch âm tháng 4 năm 2026 - Lịch vạn niên tháng 4 năm 2026 đầy đủ, chi tiết, mới nhất

>>> Lịch Dương Tháng 4 2026 chi tiết, chính xác nhất

THÁNG 5/2026

>>> Xem lịch âm tháng 5 năm 2026 - Lịch vạn niên tháng 5 năm 2026 đầy đủ, chi tiết, mới nhất

>>> Lịch Dương Tháng 5 2026 chi tiết, chính xác nhất

THÁNG 6/2026

>>> Xem lịch âm tháng 6 năm 2026 - Lịch vạn niên tháng 6 năm 2026 đầy đủ, chi tiết, mới nhất

>>> Lịch Dương Tháng 6 2026 chi tiết, chính xác nhất

THÁNG 7/2026

>>> Xem lịch âm tháng 7 năm 2026 - Lịch vạn niên tháng 7 năm 2026 đầy đủ, chi tiết, mới nhất

>>> Lịch Dương Tháng 7 2026 chi tiết, chính xác nhất

THÁNG 8/2026

>>> Xem lịch âm tháng 8 năm 2026 - Lịch vạn niên tháng 8 năm 2026 đầy đủ, chi tiết, mới nhất

>>> Lịch Dương Tháng 8 2026 chi tiết, chính xác nhất

THÁNG 9/2026

>>> Xem lịch âm tháng 9 năm 2026 - Lịch vạn niên tháng 9 năm 2026 đầy đủ, chi tiết, mới nhất

>>> Lịch Dương Tháng 9 2026 chi tiết, chính xác nhất

THÁNG 10/2026

>>> Xem lịch âm tháng 10 năm 2026 - Lịch vạn niên tháng 10 năm 2026 đầy đủ, chi tiết, mới nhất

>>> Lịch Dương Tháng 10 2026 chi tiết, chính xác nhất

THÁNG 11/2026

>>> Xem lịch âm tháng 11 năm 2026 - Lịch vạn niên tháng 11 năm 2026 đầy đủ, chi tiết, mới nhất

>>> Lịch Dương Tháng 11 2026 chi tiết, chính xác nhất

THÁNG 12/2026

>>> Xem lịch âm tháng 12 năm 2026 - Lịch vạn niên tháng 12 năm 2026 đầy đủ, chi tiết, mới nhất

>>> Lịch Dương Tháng 12 2026 chi tiết, chính xác nhất

* Trên đây là Thông tin Lịch Vạn niên 2026 - Lịch âm 2026 - Lịch dương 2026 chi tiết, đầy đủ 365 ngày tương ứng âm và dương?

Lịch Vạn niên 2026 - Lịch âm 2026 - Lịch dương 2026 chi tiết, đầy đủ 365 ngày tương ứng âm và dương? (Hình từ Internet)

Căn cứ Điều 112 Bộ luật Lao động 2019 quy định về nghỉ lễ, tết như sau:

Như vậy, năm 2026 người lao động được nghỉ các ngày lễ, tết sau đây:

(1) Tết Dương lịch: 01 ngày (ngày 01 tháng 01 dương lịch);

(2) Tết Âm lịch: 05 ngày;

(3) Ngày Chiến thắng: 01 ngày (ngày 30 tháng 4 dương lịch);

(4) Ngày Quốc tế lao động: 01 ngày (ngày 01 tháng 5 dương lịch);

(5) Quốc khánh: 02 ngày (ngày 02 tháng 9 dương lịch và 01 ngày liền kề trước hoặc sau);

(6) Ngày Giỗ Tổ Hùng Vương: 01 ngày (ngày 10 tháng 3 âm lịch).

Ngoài ra, người lao động là người nước ngoài làm việc tại Việt Nam ngoài các ngày nghỉ nêu trên còn được nghỉ thêm 01 ngày Tết cổ truyền dân tộc và 01 ngày Quốc khánh của nước họ.

Lưu ý: Hằng năm, căn cứ vào điều kiện thực tế, Thủ tướng Chính phủ quyết định cụ thể ngày nghỉ quy định tại điểm b và điểm đ khoản 1 Điều 112 Bộ luật Lao động 2019

Căn cứ Điều 5 Bộ luật Lao động 2019 quy định cụ thể như sau:

Như vậy, người lao động có các quyền và nghĩa vụ như sau:

[1] Người lao động có các quyền sau đây:

- Làm việc; tự do lựa chọn việc làm, nơi làm việc, nghề nghiệp, học nghề, nâng cao trình độ nghề nghiệp; không bị phân biệt đối xử, cưỡng bức lao động, quấy rối tình dục tại nơi làm việc

- Hưởng lương phù hợp với trình độ, kỹ năng nghề trên cơ sở thỏa thuận với người sử dụng lao động; được bảo hộ lao động, làm việc trong điều kiện bảo đảm về an toàn, vệ sinh lao động; nghỉ theo chế độ, nghỉ hằng năm có hưởng lương và được hưởng phúc lợi tập thể

- Thành lập, gia nhập, hoạt động trong tổ chức đại diện người lao động, tổ chức nghề nghiệp và tổ chức khác theo quy định của pháp luật; yêu cầu và tham gia đối thoại, thực hiện quy chế dân chủ, thương lượng tập thể với người sử dụng lao động và được tham vấn tại nơi làm việc để bảo vệ quyền và lợi ích hợp pháp, chính đáng của mình; tham gia quản lý theo nội quy của người sử dụng lao động

- Từ chối làm việc nếu có nguy cơ rõ ràng đe dọa trực tiếp đến tính mạng, sức khỏe trong quá trình thực hiện công việc

- Đơn phương chấm dứt hợp đồng lao động

- Đình công

- Các quyền khác theo quy định của pháp luật

[2] Người lao động có các nghĩa vụ sau đây:

- Thực hiện hợp đồng lao động, thỏa ước lao động tập thể và thỏa thuận hợp pháp khác

- Chấp hành kỷ luật lao động, nội quy lao động; tuân theo sự quản lý, điều hành, giám sát của người sử dụng lao động

- Thực hiện quy định của pháp luật về lao động, việc làm, giáo dục nghề nghiệp, bảo hiểm xã hội, bảo hiểm y tế, bảo hiểm thất nghiệp và an toàn, vệ sinh lao động

Điều 112. Nghỉ lễ, tết

1. Người lao động được nghỉ làm việc, hưởng nguyên lương trong những ngày lễ, tết sau đây:

a) Tết Dương lịch: 01 ngày (ngày 01 tháng 01 dương lịch);

b) Tết Âm lịch: 05 ngày;

c) Ngày Chiến thắng: 01 ngày (ngày 30 tháng 4 dương lịch);

d) Ngày Quốc tế lao động: 01 ngày (ngày 01 tháng 5 dương lịch);

đ) Quốc khánh: 02 ngày (ngày 02 tháng 9 dương lịch và 01 ngày liền kề trước hoặc sau);

e) Ngày Giỗ Tổ Hùng Vương: 01 ngày (ngày 10 tháng 3 âm lịch).

2. Lao động là người nước ngoài làm việc tại Việt Nam ngoài các ngày nghỉ theo quy định tại khoản 1 Điều này còn được nghỉ thêm 01 ngày Tết cổ truyền dân tộc và 01 ngày Quốc khánh của nước họ.

3. Hằng năm, căn cứ vào điều kiện thực tế, Thủ tướng Chính phủ quyết định cụ thể ngày nghỉ quy định tại điểm b và điểm đ khoản 1 Điều này.

Điều 5. Quyền và nghĩa vụ của người lao động

1. Người lao động có các quyền sau đây:

a) Làm việc; tự do lựa chọn việc làm, nơi làm việc, nghề nghiệp, học nghề, nâng cao trình độ nghề nghiệp; không bị phân biệt đối xử, cưỡng bức lao động, quấy rối tình dục tại nơi làm việc;

b) Hưởng lương phù hợp với trình độ, kỹ năng nghề trên cơ sở thỏa thuận với người sử dụng lao động; được bảo hộ lao động, làm việc trong điều kiện bảo đảm về an toàn, vệ sinh lao động; nghỉ theo chế độ, nghỉ hằng năm có hưởng lương và được hưởng phúc lợi tập thể;

c) Thành lập, gia nhập, hoạt động trong tổ chức đại diện người lao động, tổ chức nghề nghiệp và tổ chức khác theo quy định của pháp luật; yêu cầu và tham gia đối thoại, thực hiện quy chế dân chủ, thương lượng tập thể với người sử dụng lao động và được tham vấn tại nơi làm việc để bảo vệ quyền và lợi ích hợp pháp, chính đáng của mình; tham gia quản lý theo nội quy của người sử dụng lao động;

d) Từ chối làm việc nếu có nguy cơ rõ ràng đe dọa trực tiếp đến tính mạng, sức khỏe trong quá trình thực hiện công việc;

[....]","thu-tuc-pho-bien","","","","2026-05-20T00:00:00","https://thuvienphapluat.vn/hoi-dap-phap-luat/lich-van-nien-2026--lich-am-2026--lich-duong-2026-chi-tiet-day-du-365-ngay-tuong-ung-am-va-duong-138051494.html","2026-05-21T20:39:12.432649+00:00"
"138051550","Lịch nghỉ lễ 2026 - Tổng hợp các ngày lễ 2026 ở Việt Nam chi tiết ra sao?","Lịch nghỉ lễ 2026 - Tổng hợp các ngày lễ 2026 ở Việt Nam chi tiết ra sao?

Tổ chức làm việc theo ca phải bố trí ít nhất mấy người?

Người lao động làm việc chưa đủ 12 tháng thì số ngày nghỉ hằng năm được xác định như thế nào?

Mới nhất:

>>> Tổng hợp các ngày nghỉ làm hưởng nguyên lương trong năm 2026

>>> Lịch nghỉ lễ Ngày Văn hoá Việt Nam 2026 chi tiết ra sao rơi vào thứ mấy?

Xem mới:

>>> Tết âm lịch 2026 đếm ngược? Giao thừa 2026 đếm ngược? Năm bính ngọ 2026 có bao nhiêu ngày?

Xem mới:

>>> Tháng 1 2026 có ngày lễ sự kiện gì? Tổng hợp các ngày lễ, sự kiện tháng 1/2026 trong nước và quốc tế ra sao?

>>> Chính thức: Lịch nghỉ Tết dương lịch 2026 của cán bộ, công chức, viên chức, người lao động và học sinh

>>> Lịch nghỉ Tết Dương lịch 2026 chính thức 4 ngày

>>> Công văn 12729/VPCP-KGVX Chính thức nghỉ Tết Dương lịch 2026 4 ngày đối với công chức, viên chức

>>> Lịch nghỉ Tết Dương lịch chính thức 2026 nếu được thông qua

>>> Tết dương lịch 2026 được nghỉ 1 ngày hay 4 ngày?

>>> Tại sao Tết Dương lịch 2026 được nghỉ 4 ngày liên tục?

>>> Bộ Nội vụ đề xuất hoán đổi ngày làm việc để Tết Dương lịch 2026 được nghỉ 4 ngày

Lịch nghỉ lễ 2026 - Tổng hợp các ngày lễ 2026 ở Việt Nam chi tiết dưới đây:

Các ngày nghỉ lễ được hưởng nguyên lương trong năm 2026

Căn cứ Điều 112 Bộ luật Lao động 2019 quy định về nghỉ lễ, tết, năm 2026 người lao động được nghỉ các ngày lễ, tết sau đây:

(1) Tết Dương lịch: 01 ngày (ngày 01 tháng 01 dương lịch);

(2) Tết Âm lịch: 05 ngày;

(3) Ngày Chiến thắng: 01 ngày (ngày 30 tháng 4 dương lịch);

(4) Ngày Quốc tế lao động: 01 ngày (ngày 01 tháng 5 dương lịch);

(5) Quốc khánh: 02 ngày (ngày 02 tháng 9 dương lịch và 01 ngày liền kề trước hoặc sau);

(6) Ngày Giỗ Tổ Hùng Vương: 01 ngày (ngày 10 tháng 3 âm lịch).

Lưu ý: Hằng năm, căn cứ vào điều kiện thực tế, Thủ tướng Chính phủ quyết định cụ thể ngày nghỉ Tết Âm lịch và Quốc khánh.

Các ngày lễ, sự kiện khác trong năm tại Việt Nam và quốc tế

Danh sách các ngày lễ Dương lịch 2026

Thứ

Dương lịch

Âm lịch

Tên ngày lễ

Thứ Năm

1/1/2026

13/11/2025

Tết Dương lịch năm 2026

Thứ Ba

6/1/2026

18/11/2025

Tổng tuyển cử quốc hội khóa đầu tiên của nước Việt Nam năm 2026

Thứ Sáu

9/1/2026

21/11/2025

Ngày Học sinh - Sinh viên Việt Nam năm 2026

Chủ Nhật

11/1/2026

23/11/2025

Việt Nam chính thức gia nhập WTO năm 2026

Thứ Ba

27/1/2026

9/12/2025

Ký Hiệp định Pari chấm dứt chiến tranh ở Việt Nam năm 2026

Thứ Ba

3/2/2026

16/12/2025

Ngày thành lập Đảng Cộng sản Việt Nam năm 2026

Thứ Tư

4/2/2026

17/12/2025

Ngày thống nhất các tổ chức mặt trận thành mặt trận Tổ quốc Việt Nam năm 2026

Thứ Bảy

14/2/2026

27/12/2025

Ngày lễ tình nhân (Valentine) năm 2026

Thứ Sáu

20/2/2026

4/1/2026

Ngày Công bằng xã hội thế giới năm 2026

Thứ Bảy

21/2/2026

5/1/2026

Ngày Ngôn ngữ mẹ đẻ Quốc tế năm 2026

Thứ Sáu

27/2/2026

11/1/2026

Ngày thầy thuốc Việt Nam năm 2026

Chủ Nhật

8/3/2026

20/1/2026

Ngày Quốc tế Phụ nữ năm 2026

Thứ Năm

19/3/2026

1/2/2026

Ngày toàn quốc chống Mỹ năm 2026

Thứ Sáu

20/3/2026

2/2/2026

Ngày Quốc Tế hạnh phúc năm 2026

Thứ Bảy

21/3/2026

3/2/2026

Ngày Hội chứng Down thế giới và Ngày Quốc tế xóa bỏ phân biệt chủng tộc năm 2026

Chủ Nhật

22/3/2026

4/2/2026

Ngày Nước sạch Thế giới năm 2026

Thứ Hai

23/3/2026

5/2/2026

Ngày Khí tượng Thế giới năm 2026

Thứ Năm

26/3/2026

8/2/2026

Ngày thành lập Đoàn TNCS Hồ Chí Minh năm 2026

Thứ Sáu

27/3/2026

9/2/2026

Ngày Thể Thao Việt Nam năm 2026

Thứ Tư

1/4/2026

14/2/2026

Ngày Cá tháng Tư năm 2026

Thứ Bảy

4/4/2026

17/2/2026

Ngày Quốc tế Nhận thức bom mìn và Hỗ trợ bằng hành động chống bom mìn năm 2026

Chủ Nhật

5/4/2026

18/2/2026

Tết Thanh minh năm 2026

Thứ Ba

7/4/2026

20/2/2026

Ngày Y tế Thế giới năm 2026

Thứ Ba

14/4/2026

27/2/2026

Tết Dân tộc Khmer Nam Bộ năm 2026

Thứ Tư

22/4/2026

6/3/2026

Ngày Trái đất năm 2026

Thứ Năm

23/4/2026

7/3/2026

Ngày Sách và Bản quyền Thế giới năm 2026

Chủ Nhật

26/4/2026

10/3/2026

Ngày Sở hữu trí tuệ thế giới năm 2026

Thứ Năm

30/4/2026

14/3/2026

Ngày giải phóng miền Nam năm 2026

Thứ Sáu

1/5/2026

15/3/2026

Ngày Quốc tế Lao động năm 2026

Chủ Nhật

3/5/2026

17/3/2026

Ngày Tự do Báo chí thế giới năm 2026

Thứ Ba

5/5/2026

19/3/2026

Ngày sinh Các - Mác năm 2026

Thứ Năm

7/5/2026

21/3/2026

Ngày chiến thắng Điện Biên Phủ năm 2026

Thứ Sáu

15/5/2026

29/3/2026

Ngày thành lập Đội Thiếu niên Tiền phong Hồ Chí Minh năm 2026

Chủ Nhật

17/5/2026

1/4/2026

Ngày Xã hội Thông tin Thế giới năm 2026

Thứ Ba

19/5/2026

3/4/2026

Ngày sinh chủ tịch Hồ Chí Minh năm 2026

Thứ Năm

21/5/2026

5/4/2026

Ngày Thế giới về Đa dạng Văn hóa vì Đối thoại và Phát triển năm 2026

Thứ Sáu

22/5/2026

6/4/2026

Ngày quốc tế Đa dạng sinh học năm 2026

Thứ Sáu

29/5/2026

13/4/2026

Ngày Quốc tế Gìn giữ hòa bình Liên Hiệp Quốc năm 2026

Chủ Nhật

31/5/2026

15/4/2026

Ngày Thế giới không thuốc lá năm 2026

Thứ Hai

1/6/2026

16/4/2026

Ngày Quốc tế thiếu nhi năm 2026

Thứ Năm

4/6/2026

19/4/2026

Ngày Quốc tế của trẻ em vô tội và là nạn nhân bị xâm lược năm 2026

Thứ Sáu

5/6/2026

20/4/2026

Ngày Môi trường Thế giới năm 2026

Thứ Tư

17/6/2026

3/5/2026

Ngày Thế giới chống sa mạc hóa và hạn hán năm 2026

Thứ Bảy

20/6/2026

6/5/2026

Ngày Tị nạn Thế giới năm 2026

Chủ Nhật

21/6/2026

7/5/2026

Ngày báo chí Việt Nam năm 2026

Thứ Ba

23/6/2026

9/5/2026

Ngày Dịch vụ Công cộng Liên Hiệp Quốc năm 2026

Chủ Nhật

28/6/2026

14/5/2026

Ngày gia đình Việt Nam năm 2026

Thứ Năm

2/7/2026

18/5/2026

Quốc hội Khóa VI quyết nghị lấy tên nước là Cộng hòa Xã hội Chủ nghĩa Việt Nam năm 2026

Thứ Hai

6/7/2026

22/5/2026

Ngày Hôn thế giới năm 2026

Thứ Bảy

11/7/2026

27/5/2026

Ngày dân số thế giới năm 2026

Thứ Tư

15/7/2026

2/6/2026

Ngày truyền thống Thanh niên xung phong năm 2026

Thứ Hai

27/7/2026

14/6/2026

Ngày Thương binh liệt sĩ năm 2026

Thứ Ba

28/7/2026

15/6/2026

Ngày thành lập công đoàn Việt Nam năm 2026

Chủ Nhật

9/8/2026

27/6/2026

Ngày Quốc tế của người thổ dân thế giới năm 2026

Thứ Tư

12/8/2026

30/6/2026

Ngày Quốc tế Thanh Thiếu niên năm 2026

Thứ Tư

19/8/2026

7/7/2026

Ngày tổng khởi nghĩa năm 2026

Chủ Nhật

23/8/2026

11/7/2026

Ngày Quốc tế tưởng niệm việc buôn bán nô lệ và việc hủy bỏ nó năm 2026

Thứ Ba

25/8/2026

13/7/2026

Bảo Đại thoái vị năm 2026

Chủ Nhật

30/8/2026

18/7/2026

Ngày sinh tỷ phú Warren Edward Buffett năm 2026

Thứ Ba

1/9/2026

20/7/2026

Chiến tranh thế giới thứ hai bùng nổ năm 2026

Thứ Tư

2/9/2026

21/7/2026

Ngày Quốc Khánh năm 2026

Thứ Năm

10/9/2026

29/7/2026

Ngày thành lập Mặt trận Tổ quốc Việt Nam năm 2026

Thứ Bảy

12/9/2026

2/8/2026

Chiến dịch Xô Viết Nghệ Tĩnh năm 2026

Thứ Ba

15/9/2026

5/8/2026

Ngày Quốc tế Dân chủ năm 2026

Thứ Tư

16/9/2026

6/8/2026

Ngày Quốc tế Bảo vệ Tầng ôzôn năm 2026

Chủ Nhật

20/9/2026

10/8/2026

Việt Nam gia nhập Liên Hiệp Quốc năm 2026

Thứ Hai

21/9/2026

11/8/2026

Ngày Quốc tế Hòa bình năm 2026

Thứ Tư

23/9/2026

13/8/2026

Ngày Nam Bộ kháng chiến năm 2026

Chủ Nhật

27/9/2026

17/8/2026

Khởi nghĩa Bắc Sơn năm 2026

Thứ Năm

1/10/2026

21/8/2026

Ngày quốc tế người cao tuổi năm 2026

Thứ Sáu

2/10/2026

22/8/2026

Ngày Quốc tế bất bạo động năm 2026

Chủ Nhật

4/10/2026

24/8/2026

Ngày Động vật thế giới năm 2026

Thứ Hai

5/10/2026

25/8/2026

Ngày Nhà giáo thế giới năm 2026

Thứ Sáu

9/10/2026

29/8/2026

Ngày Bưu chính Thế giới năm 2026

Thứ Ba

13/10/2026

4/9/2026

Ngày doanh nhân Việt Nam năm 2026

Thứ Tư

14/10/2026

5/9/2026

Ngày thành lập Hội Nông dân Việt Nam năm 2026

Thứ Năm

15/10/2026

6/9/2026

Ngày truyền thống Hội liên hiệp Thanh niên Việt Nam năm 2026

Thứ Sáu

16/10/2026

7/9/2026

Ngày Lương thực thế giới năm 2026

Thứ Bảy

17/10/2026

8/9/2026

Ngày quốc tế xóa nghèo năm 2026

Thứ Ba

20/10/2026

11/9/2026

Ngày Phụ nữ Việt Nam năm 2026

Thứ Bảy

31/10/2026

22/9/2026

Ngày Hallowen năm 2026

Thứ Hai

9/11/2026

1/10/2026

Ngày pháp luật Việt Nam năm 2026

Thứ Sáu

20/11/2026

12/10/2026

Ngày Nhà giáo Việt Nam năm 2026

Thứ Hai

23/11/2026

15/10/2026

Ngày thành lập Hội chữ thập đỏ Việt Nam năm 2026

Thứ Bảy

28/11/2026

20/10/2026

Ngày Lâm nghiệp Việt Nam năm 2026

Thứ Ba

1/12/2026

23/10/2026

Ngày thế giới phòng chống AIDS năm 2026

Thứ Tư

2/12/2026

24/10/2026

Ngày Quốc tế Giải phóng Nô lệ năm 2026

Thứ Hai

7/12/2026

29/10/2026

Ngày Hàng không Dân dụng Quốc tế năm 2026

Thứ Tư

9/12/2026

1/11/2026

Ngày Quốc tế chống Tham nhũng năm 2026

Thứ Bảy

19/12/2026

11/11/2026

Ngày toàn quốc kháng chiến năm 2026

Thứ Ba

22/12/2026

14/11/2026

Ngày thành lập quân đội nhân dân Việt Nam năm 2026

Thứ Năm

24/12/2026

16/11/2026

Lễ Giáng sinh (Noen) năm 2026

Danh sách các ngày lễ Âm lịch 2026

Thứ

Âm lịch

Dương lịch

Tên ngày lễ

Thứ Ba

1/1/2026

17/2/2026

Tết Nguyên Đán năm 2026

Thứ Sáu

4/1/2026

20/2/2026

Lễ hội Đồng Kỵ (Bắc Ninh) năm 2026

Thứ Bảy

5/1/2026

21/2/2026

Lễ hội gò Đống Đa năm 2026

Chủ Nhật

6/1/2026

22/2/2026

Hội Gióng Sóc Sơn (Hà Nội), Khai hội chùa Hương năm 2026

Thứ Hai

7/1/2026

23/2/2026

Hội chợ Viềng (Nam Định), Lễ hội đầm Ô Loan (Phú Yên) năm 2026

Thứ Ba

8/1/2026

24/2/2026

Lễ hội đền Vua Bà (Hòa Bình) năm 2026

Thứ Tư

9/1/2026

25/2/2026

Lễ hội Đức Chí Tôn (Tây Ninh) năm 2026

Thứ Năm

10/1/2026

26/2/2026

Khai hội Yên Tử (Quảng Ninh) năm 2026

Chủ Nhật

13/1/2026

1/3/2026

Hội Lim (Tiên Du - Bắc Ninh) năm 2026

Thứ Hai

14/1/2026

2/3/2026

Lễ hội Bà Chúa Kho (Bắc Ninh) năm 2026

Thứ Ba

15/1/2026

3/3/2026

Tết Nguyên tiêu năm 2026

Thứ Năm

17/1/2026

5/3/2026

Lễ hội chọi trâu (Vĩnh Phúc) năm 2026

Chủ Nhật

27/1/2026

15/3/2026

Lễ Cầu tháng Giêng (Phú Thọ) năm 2026

Thứ Hai

28/1/2026

16/3/2026

Hội làng Bùi (Bắc Ninh) năm 2026

Thứ Sáu

2/2/2026

20/3/2026

Lễ hội Chùa Trầm năm 2026

Thứ Năm

8/2/2026

26/3/2026

Hội làng Long Khám (Bắc Ninh) năm 2026

Thứ Bảy

10/2/2026

28/3/2026

Lễ hội đình Yên Phụ (Hà Nội) năm 2026

Thứ Hai

12/2/2026

30/3/2026

Hội chọi trâu Phù Ninh (Phú Thọ), Lễ hội Làng rèn Tây Phương Danh (Bình Định) năm 2026

Thứ Ba

13/2/2026

31/3/2026

Lễ hội Hoa Ban (Lai Châu) năm 2026

Thứ Tư

14/2/2026

1/4/2026

Lễ hội chùa Vĩnh Nghiêm (Bắc Giang) năm 2026

Thứ Hai

19/2/2026

6/4/2026

Lễ hội Quan Thế Âm (Đà Nẵng) năm 2026

Thứ Năm

22/2/2026

9/4/2026

Hội đình Trúc Tay (Bắc Giang) năm 2026

Thứ Ba

27/2/2026

14/4/2026

Hội chùa Sàn (Lục Nam, Bắc Giang) năm 2026

Chủ Nhật

3/3/2026

19/4/2026

Tết Hàn thực năm 2026

Thứ Tư

6/3/2026

22/4/2026

Lễ hội Cố đô Hoa Lư (Ninh Bình) năm 2026

Thứ Năm

7/3/2026

23/4/2026

Lễ hội chùa Thầy (Hà Nội) năm 2026

Thứ Bảy

9/3/2026

25/4/2026

Lễ hội Nam Trì (Hưng Yên) năm 2026

Chủ Nhật

10/3/2026

26/4/2026

Giỗ tổ Hùng Vương năm 2026

Thứ Sáu

15/3/2026

1/5/2026

Hội làng Đông Hồ (Bắc Ninh) năm 2026

Thứ Hai

18/3/2026

4/5/2026

Hội Đậu (Bắc Ninh) năm 2026

Thứ Bảy

23/3/2026

9/5/2026

Hội chùa Bút Tháp (Bắc Ninh) năm 2026

Thứ Tư

27/3/2026

13/5/2026

Hội thả chim bồ câu (Bắc Ninh) năm 2026

Chủ Nhật

1/4/2026

17/5/2026

Lễ hội làng cá Cát Bà (Hải Phòng) năm 2026

Chủ Nhật

8/4/2026

24/5/2026

Lễ hội chùa Dâu (Bắc Ninh) năm 2026

Thứ Hai

9/4/2026

25/5/2026

Hội Gióng Phù Đổng (Hà Nội) năm 2026

Thứ Ba

10/4/2026

26/5/2026

Hội làng Cựu Ấp (Vĩnh Phúc) năm 2026

Thứ Bảy

14/4/2026

30/5/2026

Tết Dân tộc Khmer năm 2026

Chủ Nhật

15/4/2026

31/5/2026

Lễ Phật Đản năm 2026

Thứ Sáu

5/5/2026

19/6/2026

Tết Đoan Ngọ năm 2026

Thứ Ba

9/5/2026

23/6/2026

Lễ hội đình Châu Phú (An Giang) năm 2026

Thứ Tư

10/5/2026

24/6/2026

Lễ hội cúng biển Mỹ Long (Trà Vinh) năm 2026

Chủ Nhật

14/5/2026

28/6/2026

Lễ hội đình – đền Chèm (Hà Nội) năm 2026

Thứ Ba

1/6/2026

14/7/2026

Lễ hội đình Trà Cổ (Quảng Ninh) năm 2026

Thứ Năm

10/6/2026

23/7/2026

Hội kéo ngựa gỗ (Hải Phòng) năm 2026

Thứ Tư

7/7/2026

19/8/2026

Lễ Thất Tịch năm 2026

Thứ Năm

15/7/2026

27/8/2026

Lễ Vu Lan, Tết Trung nguyên năm 2026

Thứ Sáu

1/8/2026

11/9/2026

Tết Katê năm 2026

Thứ Hai

4/8/2026

14/9/2026

Lễ hội Đình Châm Khê (Bắc Ninh) năm 2026

Thứ Bảy

9/8/2026

19/9/2026

Lễ hội chọi trâu (Đồ Sơn, Hải Phòng) năm 2026

Chủ Nhật

10/8/2026

20/9/2026

Hội Thị Cầu (Bắc Ninh) năm 2026

Thứ Sáu

15/8/2026

25/9/2026

Tết Trung Thu năm 2026

Chủ Nhật

9/9/2026

18/10/2026

Tết Trùng Cửu năm 2026

Thứ Năm

13/9/2026

22/10/2026

Lễ hội chùa Keo (Thái Bình) năm 2026

Thứ Năm

20/9/2026

29/10/2026

Hội đền Bắc Lệ (Lạng Sơn) năm 2026

Thứ Bảy

29/9/2026

7/11/2026

Hội Đại Bái (Bắc Ninh) năm 2026

Thứ Tư

10/10/2026

18/11/2026

Tết Trùng Thập năm 2026

Thứ Hai

15/10/2026

23/11/2026

Tết Hạ Nguyên (Tết cơm mới) năm 2026

Thứ Tư

8/11/2026

16/12/2026

Hội chùa Canh Bầu (Bắc Giang) năm 2026

Thứ Sáu

10/11/2026

18/12/2026

Tết cơm mới của người La Hủ (Lai Châu) năm 2026

Thứ Ba

14/11/2026

22/12/2026

Lễ hội đền Nguyễn Công Trứ (Ninh Bình) năm 2026

Thứ Tư

15/11/2026

23/12/2026

Hội Đình Phường Bông (Nam Định) năm 2026

Thứ Bảy

25/11/2026

2/1/2027

Hội Vân Lệ (Thanh Hóa) năm 2026

Thứ Ba

12/12/2026

19/1/2027

Hội Mậu Lân (Vĩnh Phúc) năm 2026

Thứ Bảy

23/12/2026

30/1/2027

Ông Táo chầu trời năm 2026

Thứ Năm

28/12/2026

4/2/2027

Hội Bạch Lưu (Vĩnh Phúc) năm 2026

* Trên đây là Thông tin Lịch nghỉ lễ 2026 - Tổng hợp các ngày lễ 2026 ở Việt Nam chi tiết ra sao?

Lịch nghỉ lễ 2026 - Tổng hợp các ngày lễ 2026 ở Việt Nam chi tiết ra sao? (Hình từ Internet)

Căn cứ khoản 3 Điều 63 Nghị định 145/2020/NĐ-CP có quy định về ca làm việc và tổ chức làm việc theo ca như sau:

Như vậy, tổ chức làm việc theo ca là việc bố trí ít nhất 02 người hoặc 02 nhóm người thay phiên nhau làm việc trên cùng một vị trí làm việc, tính trong thời gian 01 ngày (24 giờ liên tục).

Căn cứ theo khoản 2 Điều 113 Bộ luật Lao động 2019 quy định về nghỉ hằng năm như sau:

Như vậy, theo quy định trên thì người lao động làm việc chưa đủ 12 tháng thì số ngày nghỉ hằng năm được tính theo tỷ lệ tương ứng với số tháng làm việc.

Điều 63. Ca làm việc và tổ chức làm việc theo ca

1. Ca làm việc là khoảng thời gian làm việc của người lao động từ khi bắt đầu nhận nhiệm vụ cho đến khi kết thúc và bàn giao nhiệm vụ cho người khác, bao gồm cả thời gian làm việc và thời gian nghỉ giữa giờ.

2. Tổ chức làm việc theo ca là việc bố trí ít nhất 02 người hoặc 02 nhóm người thay phiên nhau làm việc trên cùng một vị trí làm việc, tính trong thời gian 01 ngày (24 giờ liên tục).

[....]

Điều 113. Nghỉ hằng năm

[.....]

2. Người lao động làm việc chưa đủ 12 tháng cho một người sử dụng lao động thì số ngày nghỉ hằng năm theo tỷ lệ tương ứng với số tháng làm việc.

[....]","thu-tuc-pho-bien","","","","2026-05-20T00:00:00","https://thuvienphapluat.vn/hoi-dap-phap-luat/lich-nghi-le-2026--tong-hop-cac-ngay-le-2026-o-viet-nam-chi-tiet-ra-sao-138051550.html","2026-05-21T20:39:23.176387+00:00"
"138057531","Lịch Vạn niên 2027 - Lịch âm 2027 - Lịch dương 2027 chi tiết, đầy đủ 365 ngày tương ứng âm và dương?","Lịch Vạn niên 2027 - Lịch âm 2027 - Lịch dương 2027 chi tiết, đầy đủ 365 ngày tương ứng âm và dương?

Người lao động được nghỉ việc riêng mà vẫn hưởng nguyên lương khi nào?

Chính sách của Nhà nước về lao động cụ thể ra sao?

Căn cứ Điều 112 Bộ luật Lao động 2019 quy định về nghỉ lễ, tết như sau:

Theo Bộ luật Lao động 2019, người lao động được nghỉ Tết Âm lịch tối thiểu 5 ngày. Hằng năm, căn cứ vào tình hình thực tế, Thủ tướng Chính phủ sẽ quyết định cụ thể lịch nghỉ Tết.

Lịch Vạn niên 2027 - Lịch âm 2027 - Lịch dương 2027, tết Âm lịch 2027 sẽ rơi vào các ngày sau:

- Mùng 1 Tết Nguyên Đán 2027 sẽ rơi vào Thứ bảy, ngày 06 tháng 02 năm 2027 dương lịch.

- Mùng 2 Tết Nguyên Đán 2027 sẽ rơi vào Chủ nhật, ngày 07 tháng 02 năm 2027 dương lịch.

- Mùng 3 Tết Nguyên Đán 2027 sẽ rơi vào Thứ hai, ngày 08 tháng 02 năm 2027 dương lịch.

Dưới đây là Lịch Vạn niên 2027 - Lịch âm 2027 - Lịch dương 2027 chi tiết, đầy đủ 365 ngày tương ứng âm và dương:

Lịch Tháng 1 năm 2027

Lịch Tháng 2 năm 2027

Lịch Tháng 3 năm 2027

Lịch Tháng 4 năm 2027

Lịch Tháng 5 năm 2027

Lịch Tháng 6 năm 2027

Lịch Tháng 7 năm 2027

Lịch Tháng 8 năm 2027

Lịch Tháng 9 năm 2027

Lịch Tháng 10 năm 2027

Lịch Tháng 11 năm 2027

Lịch Tháng 12 năm 2027

* Trên đây là Thông tin Lịch Vạn niên 2027 - Lịch âm 2027 - Lịch dương 2027 chi tiết, đầy đủ 365 ngày tương ứng âm và dương?

Lịch Vạn niên 2027 - Lịch âm 2027 - Lịch dương 2027 chi tiết, đầy đủ 365 ngày tương ứng âm và dương? (Hình từ Internet)

Căn cứ Điều 115 Bộ luật Lao động 2019 quy định nghỉ việc riêng, nghỉ không hưởng lương:

Theo quy định trên, người lao động được nghỉ việc riêng mà vẫn hưởng nguyên lương các ngày sau:

- Kết hôn: nghỉ 03 ngày

- Con đẻ, con nuôi kết hôn: nghỉ 01 ngày

- Cha đẻ, mẹ đẻ, cha nuôi, mẹ nuôi; cha đẻ, mẹ đẻ, cha nuôi, mẹ nuôi của vợ hoặc chồng; vợ hoặc chồng; con đẻ, con nuôi chết: nghỉ 03 ngày

Lưu ý: Người lao động phải báo cáo lý do nghỉ việc riêng cho người sử dụng lao động biết và được người sử dụng lao động đồng ý.

Người sử dụng lao động không bảo đảm cho người lao động nghỉ việc riêng thì có thể bị phạt tiền.

Căn cứ Điều 4 Bộ luật Lao động 2019 quy định chính sách của Nhà nước về lao động như sau:

- Bảo đảm quyền và lợi ích hợp pháp, chính đáng của người lao động, người làm việc không có quan hệ lao động; khuyến khích những thỏa thuận bảo đảm cho người lao động có điều kiện thuận lợi hơn so với quy định của pháp luật về lao động.

- Bảo đảm quyền và lợi ích hợp pháp của người sử dụng lao động, quản lý lao động đúng pháp luật, dân chủ, công bằng, văn minh và nâng cao trách nhiệm xã hội.

- Tạo điều kiện thuận lợi đối với hoạt động tạo việc làm, tự tạo việc làm, dạy nghề và học nghề để có việc làm; hoạt động sản xuất, kinh doanh thu hút nhiều lao động; áp dụng một số quy định của Bộ luật này đối với người làm việc không có quan hệ lao động.

- Có chính sách phát triển, phân bố nguồn nhân lực; nâng cao năng suất lao động; đào tạo, bồi dưỡng và nâng cao trình độ, kỹ năng nghề cho người lao động; hỗ trợ duy trì, chuyển đổi nghề nghiệp, việc làm cho người lao động; ưu đãi đối với người lao động có trình độ chuyên môn, kỹ thuật cao đáp ứng yêu cầu của cách mạng công nghiệp, sự nghiệp công nghiệp hóa, hiện đại hóa đất nước.

- Có chính sách phát triển thị trường lao động, đa dạng các hình thức kết nối cung, cầu lao động.

- Thúc đẩy người lao động và người sử dụng lao động đối thoại, thương lượng tập thể, xây dựng quan hệ lao động tiến bộ, hài hòa và ổn định.

- Bảo đảm bình đẳng giới; quy định chế độ lao động và chính sách xã hội nhằm bảo vệ lao động nữ, lao động là người khuyết tật, người lao động cao tuổi, lao động chưa thành niên.

Điều 112. Nghỉ lễ, tết

1. Người lao động được nghỉ làm việc, hưởng nguyên lương trong những ngày lễ, tết sau đây:

a) Tết Dương lịch: 01 ngày (ngày 01 tháng 01 dương lịch);

b) Tết Âm lịch: 05 ngày;

[...]

Điều 115. Nghỉ việc riêng, nghỉ không hưởng lương

1. Người lao động được nghỉ việc riêng mà vẫn hưởng nguyên lương và phải thông báo với người sử dụng lao động trong trường hợp sau đây:

a) Kết hôn: nghỉ 03 ngày;

b) Con đẻ, con nuôi kết hôn: nghỉ 01 ngày;

c) Cha đẻ, mẹ đẻ, cha nuôi, mẹ nuôi; cha đẻ, mẹ đẻ, cha nuôi, mẹ nuôi của vợ hoặc chồng; vợ hoặc chồng; con đẻ, con nuôi chết: nghỉ 03 ngày.

2. Người lao động được nghỉ không hưởng lương 01 ngày và phải thông báo với người sử dụng lao động khi ông nội, bà nội, ông ngoại, bà ngoại, anh, chị, em ruột chết; cha hoặc mẹ kết hôn; anh, chị, em ruột kết hôn.

3. Ngoài quy định tại khoản 1 và khoản 2 Điều này, người lao động có thể thỏa thuận với người sử dụng lao động để nghỉ không hưởng lương.","thu-tuc-pho-bien","","","","2026-05-20T00:00:00","https://thuvienphapluat.vn/hoi-dap-phap-luat/lich-van-nien-2027--lich-am-2027--lich-duong-2027-chi-tiet-day-du-365-ngay-tuong-ung-am-va-duong-138057531.html","2026-05-21T20:39:30.019494+00:00"
"138066888","Chính thức đã có lịch nghỉ lễ Quốc khánh 2/9/2026 cho người lao động?","Chính thức đã có lịch nghỉ lễ Quốc khánh 2/9/2026 cho người lao động?

Năm 2026 kỷ niệm bao nhiêu năm Quốc khánh nước Cộng hòa XHCN Việt Nam?

Người lao động được nghỉ hưởng nguyên lương mấy ngày vào dịp lễ Quốc khánh 2 tháng 9?

Xem thêm:

>>> Kéo dài lịch nghỉ Giỗ tổ hùng vương, 30/4 và 1/5 9 ngày liên tục năm 2026 khi nào?

Căn cứ theo Thông báo 9441/TB-BNV năm 2025 về việc nghỉ tết Âm lịch, nghỉ lễ Quốc khánh năm 2026 đối với cán bộ, công chức viên chức và người lao động như sau:

Như vậy, lịch nghỉ lễ Quốc Khánh 2/9/2026 cho người lao động cụ thể như sau:

- Đối với cán bộ, công chức, viên chức và người lao động của các cơ quan hành chính, sự nghiệp, tổ chức chính trị, tổ chức chính trị - xã hội:

+ 05 ngày từ thứ Bảy ngày 29/8/2026 đến hết thứ Tư ngày 2/9/2026.

- Đối với người lao động ngoài khu vực nhà nước (không thuộc đối tượng nêu tại khoản 1 Thông báo 9441/TB-BNV năm 2025):

+ Người sử dụng lao động quyết định lựa chọn 01 trong 02 phương án nghỉ lễ Quốc khánh 2026 sau:

[1] Nghỉ thứ Tư ngày 02/9/2026 và thứ Ba ngày 01/9/2026

[2] Nghỉ thứ Tư ngày 02/9/2026 và thứ Năm ngày 03/9/2026 Dương lịch.

Xem thêm:

>>> Kỷ niệm 100 năm Quốc khánh nước Cộng hòa XHCN Việt Nam là năm bao nhiêu?

>>> Chính thức lịch nghỉ lễ Quốc khánh 2026 kéo dài 5 ngày liên tiếp đúng không?

*Trên đây là nội dung thông tin về Chính thức đã có lịch nghỉ lễ Quốc khánh 2 9 2026 cho người lao động?

Chính thức đã có lịch nghỉ lễ Quốc khánh 2 9 2026 cho người lao động? (Hình từ Internet)

Căn cứ theo Điều 4 Nghị định 145/2013/NĐ-CP quy định về các ngày lễ lớn như sau:

Theo đó, ngày 2 tháng 9 năm 1945 là Ngày Quốc khánh nước Cộng hòa xã hội chủ nghĩa Việt Nam.

Như vậy, năm 2026 kỷ niệm 81 năm Quốc khánh nước Cộng hòa XHCN Việt Nam.

Căn cứ theo Điều 112 Bộ luật Lao động 2019 quy định về nghỉ lễ, tết như sau:

Như vậy, người lao động được nghỉ hưởng nguyên lương 02 ngày vào dịp lễ Quốc khánh 2 tháng 9 (ngày 02 tháng 9 dương lịch và 01 ngày liền kề trước hoặc sau).

[...]

2. Công chức, viên chức được nghỉ dịp lễ Quốc khánh năm 2026 như sau: Nghỉ 02 ngày theo quy định gồm ngày 02/9/2026 Dương lịch và 01 ngày liền kề trước là ngày 01/9/2026 Dương lịch; Hoán đổi từ ngày làm việc thứ Hai ngày 31/8/2026 Dương lịch sang ngày nghỉ hằng tuần thứ Bảy ngày 22/8/2026 Dương lịch (nghỉ thứ Hai ngày 31/8/2026 và làm bù vào ngày thứ Bảy ngày 22/8/2026).

[...]

6. Đối với người lao động không thuộc đối tượng quy định tại khoản 1 Thông báo này, người sử dụng lao động quyết định lựa chọn phương án nghỉ tết Âm lịch, nghỉ lễ Quốc khánh năm 2026 như sau:

- Dịp tết Âm lịch: Lựa chọn nghỉ 01 ngày cuối năm Ất Tỵ và 04 ngày đầu năm Bính Ngọ hoặc 02 ngày cuối năm Ất Tỵ và 03 ngày đầu năm Bính Ngọ hoặc 03 ngày cuối năm Ất Tỵ và 02 ngày đầu năm Bính Ngọ.

- Dịp lễ Quốc khánh: Nghỉ thứ Tư ngày 02/9/2026 Dương lịch và lựa chọn nghỉ 01 trong 02 ngày: thứ Ba ngày 01/9/2026 hoặc thứ Năm ngày 03/9/2026 Dương lịch.

- Thông báo phương án nghỉ tết Âm lịch và nghỉ lễ Quốc khánh năm 2026 cho người lao động trước khi thực hiện ít nhất 30 ngày.

- Nếu ngày nghỉ hằng tuần trùng với ngày nghỉ lễ, tết quy định tại khoản 1 Điều 112 của Bộ luật Lao động thì người lao động được nghỉ bù ngày nghỉ hằng tuần vào ngày làm việc kế tiếp theo quy định tại khoản 3 Điều 111 Bộ luật Lao động.

- Khuyến khích người sử dụng lao động áp dụng thời gian nghỉ tết Âm lịch, nghỉ lễ Quốc khánh năm 2026 cho người lao động như quy định đối với công chức, viên chức; Khuyến khích những thỏa thuận có lợi hơn cho người lao động.

[...]

Điều 4. Các ngày lễ lớn

Các ngày lễ lớn trong nước bao gồm:

1. Ngày Tết Nguyên đán (01 tháng Giêng Âm lịch).

2. Ngày thành lập Đảng Cộng sản Việt Nam (03-02-1930).

3. Ngày Giỗ Tổ Hùng Vương (10-3 Âm lịch).

4. Ngày Giải phóng miền Nam, thống nhất đất nước (30-4-1975).

5. Ngày Chiến thắng Điện Biên Phủ (07-5-1954).

6. Ngày sinh Chủ tịch Hồ Chí Minh (19-5-1890).

7. Ngày Cách mạng Tháng Tám (19-8-1945) và Ngày Quốc khánh nước Cộng hòa xã hội chủ nghĩa Việt Nam (02-9-1945).

Điều 112. Nghỉ lễ, tết

1. Người lao động được nghỉ làm việc, hưởng nguyên lương trong những ngày lễ, tết sau đây:

a) Tết Dương lịch: 01 ngày (ngày 01 tháng 01 dương lịch);

b) Tết Âm lịch: 05 ngày;

c) Ngày Chiến thắng: 01 ngày (ngày 30 tháng 4 dương lịch);

d) Ngày Quốc tế lao động: 01 ngày (ngày 01 tháng 5 dương lịch);

đ) Quốc khánh: 02 ngày (ngày 02 tháng 9 dương lịch và 01 ngày liền kề trước hoặc sau);

e) Ngày Giỗ Tổ Hùng Vương: 01 ngày (ngày 10 tháng 3 âm lịch).

2. Lao động là người nước ngoài làm việc tại Việt Nam ngoài các ngày nghỉ theo quy định tại khoản 1 Điều này còn được nghỉ thêm 01 ngày Tết cổ truyền dân tộc và 01 ngày Quốc khánh của nước họ.

3. Hằng năm, căn cứ vào điều kiện thực tế, Thủ tướng Chính phủ quyết định cụ thể ngày nghỉ quy định tại điểm b và điểm đ khoản 1 Điều này.","thu-tuc-pho-bien","","","","2026-05-20T00:00:00","https://thuvienphapluat.vn/hoi-dap-phap-luat/chinh-thuc-da-co-lich-nghi-le-quoc-khanh-292026-cho-nguoi-lao-dong-138066888.html","2026-05-21T20:39:38.283939+00:00"
"138090921","Chính thức bỏ kê khai thuế TNCN tháng 4/2026 chuyển sang kê khai quý 2 ra sao?","Chính thức bỏ kê khai thuế TNCN tháng 4/2026 chuyển sang kê khai quý 2 ra sao?

Tải mẫu tờ khai thuế TNCN tháng/quý Mẫu 05 KK TNCN ở đâu?

Mức giảm trừ gia cảnh áp dụng khi quyết toán thuế TNCN trong năm 2026 là bao nhiêu?

>>> Hiểu thế nào bỏ kê khai thuế TNCN theo tháng từ năm 2026?

>>> Bỏ tờ khai thuế TNCN tháng 5/2026 thay bằng tờ khai quý 2/2026 đúng không?

>>> THÔNG TIN quan trọng về Tờ khai 05/KK-TNCN theo TT80 khi bỏ kê khai theo tháng chuyển sang quý thế nào?

>>> Tờ khai 05/KK-TNCN tháng 4, 5, 6/2026 chính thức bỏ khai theo tháng chuyển sang kê khai quý 2/2026 ra sao?

>>> Quyết định 1109/QĐ-BTC năm 2026 bỏ kê khai thuế TNCN tháng 4/2026 chuyển sang kê khai quý 2 quy định cụ thể ra sao?

>>> Hạn nộp tờ khai thuế TNCN quý 2 năm 2026 là khi nào?

>>> Doanh thu bao nhiêu thì khai thuế TNCN tháng theo thủ tục tại Quyết định 1109 năm 2026?

***

>>> Kê khai thuế TNCN theo quý thì có khai thuế GTGT theo quý không?

>>> Đã nộp tiền thuế tháng 4 2026 thì xử lý như thế nào khi bỏ khai thuế TNCN theo tháng?

>>> Xử lý tờ khai thuế TNCN tháng 4/2026 đã nộp khi bỏ kê khai thuế TNCN theo tháng như thế nào?

***

>>> Hiểu thế nào về bỏ TTHC 2002235 khai thuế TNCN tháng theo quy định mới nhất?

Xem thêm:

>>> Bỏ TTHC 2.002235 kê khai quý/tháng bỏ kê khai tháng thì kê khai thuế TNCN theo trình tự nào?

>>> CHÍNH THỨC bỏ tờ khai thuế TNCN tháng 4-5-6/2026 thay bằng tờ khai quý 2/2026 đúng hay không?

>>> Hướng dẫn thủ tục khai thuế TNCN tháng 4-5-6/2026 theo thủ tục mới sau khi bỏ khai tháng ra sao?

>>> Hướng dẫn sửa lỗi kỳ kê khai tháng không được phép nộp tờ khai, vui lòng chọn lại kỳ kê khai phù hợp ra sao?

>>> Chính thức bỏ kê khai thuế TNCN tháng 4/2026 chuyển sang kê khai quý 2 ra sao?

Căn cứ Quyết định 1109/QĐ-BTC năm 2026 của Bộ Tài chính về việc công bố thủ tục hành chính được sửa đổi, bổ sung, bãi bỏ trong lĩnh vực quản lý thuế, hải quan thuộc phạm vi chức năng quản lý của Bộ Tài chính.

Đối với thủ tục hành chính nộp tờ khai thuế TNCN tháng Tờ khai 05 KK TNCN Mã [2.002235] được sửa đổi như sau:

Khai thuế thu nhập cá nhân quý của tổ chức, cá nhân trả thu nhập khấu trừ thuế đối với tiền lương, tiền công (Mã số TTHC 2.002235)

- Trình tự thực hiện:

+Bước 1.

++ Tổ chức, cá nhân trả thu nhập có phát sinh khấu trừ thuế chuẩn bị hồ sơ khai thuế, gửi đến cơ quan Thuế. Thời hạn nộp hồ sơ khai thuế quý chậm nhất là ngày cuối cùng của tháng đầu tiên của quý tiếp theo quý phát sinh nghĩa vụ thuế. Nếu ngày cuối cùng trùng ngày nghi/lễ, hạn cuối cùng được chuyển sang ngày làm việc tiếp theo.

(Thủ tục đăng ký chứng từ khấu trừ thuế TNCN được thực hiện riêng theo quy định tại Nghị định 70/2025/NĐ-CP của Chính phủ).

+ Bước 2. Cơ quan thuế tiếp nhận:

++ Trường hợp hồ sơ được nộp trực tiếp tại cơ quan thuế hoặc hồ sơ được gửi qua đường bưu chính: cơ quan thuế thực hiện tiếp nhận, giải quyết hồ sơ theo quy định.

++ Trường hợp hồ sơ được nộp thông qua giao dịch điện tử, việc tiếp nhận, kiểm tra, chấp nhận, giải quyết hồ sơ (và trả kết quả nếu có kết quả) thông qua hệ thống xử lý dữ liệu điện tử của cơ quan thuế

- Cách thức thực hiện:

+ Trực tiếp: Tại TTPVHCC cấp tỉnh, xã

+Thông qua dịch vụ bưu chính công ích theo quy định của Thủ tướng Chính phủ, qua thuê dịch vụ của doanh nghiệp, cá nhân hoặc qua ủy quyền theo quy định của pháp luật;

+ Trực tuyến: Qua Cổng dịch vụ công quốc gia

- Thành phần, số lượng hồ sơ:

+ Thành phần hồ sơ gồm:

++ Tờ khai thuế thu nhập cá nhân (áp dụng đối với tổ chức, cá nhân trả các khoản thu nhập từ tiền lương, tiền công) mẫu số 05/KK-TNCN theo Phụ lục I - Danh mục hồ sơ khai thuế ban hành kèm theo Nghị định số 126/2020/NĐ-CP ngày 19/10/2020 của Chính phủ và Phụ lục II - Mẫu biểu hồ sơ khai thuế ban hành kèm theo Thông tư số 80/2021/TT-BTC ngày 29/9/2021/TT-BTC của Bộ trưởng Bộ Tài chính.

++ Phụ lục bảng xác định số thuế thu nhập cá nhân phải nộp cho các địa phương được hưởng nguồn thu mẫu số 05-1/PBT-KK-TNCN theo Phụ lục I - Danh mục hồ sơ khai thuế ban hành kèm theo Nghị định số 126/2020/NĐ-CP ngày 19/10/2020 của Chính phủ và Phụ lục II - Mẫu biểu hồ sơ khai thuế ban hành theo Thông tư 80/2021/TT-BTC

>> Như vậy, theo nội dung sửa đổi tại Quyết định 1109/QĐ-BTC năm 2026, việc kê khai thuế TNCN theo tháng đối với Tờ khai mẫu 05/KK-TNCN đã được chuyển sang thực hiện theo quý. Theo đó, doanh nghiệp, tổ chức trả thu nhập phát sinh khấu trừ thuế trong tháng 4/2026 sẽ thực hiện kê khai gộp vào quý II/2026 và nộp hồ sơ khai thuế chậm nhất vào ngày cuối cùng của tháng đầu tiên của quý tiếp theo theo quy định.

Chính thức bỏ kê khai thuế TNCN tháng 4/2026 chuyển sang kê khai quý 2 ra sao? (Hình từ Internet)

Tờ khai thuế thu nhập cá nhân với thu nhập từ tiền lương, tiền công hiện đang áp dụng Mẫu 05/KK-TNCN ban hành kèm theo Thông tư 80/2021/TT-BTC được sửa đổi bởi điểm g khoản 7 Điều 1 Thông tư 40/2025/TT-BTC, có dạng như sau:

>> Tải mẫu tờ khai thuế TNCN Tờ khai 05 KK TNCN: TẢI VỀ

Ghi chú:

- Tờ khai này chỉ áp dụng đối với tổ chức, cá nhân phát sinh trả thu nhập từ tiền lương, tiền công cho cá nhân trong tháng/quý, không phân biệt có phát sinh khấu trừ thuế hay không phát sinh khấu trừ thuế.

- Kỳ khai thuế theo tháng áp dụng đối với tổ chức, cá nhân trả thu nhập có tổng doanh thu bán hàng hóa và cung cấp dịch vụ của năm trước liền kề trên 50 tỷ đồng hoặc trường hợp tổ chức, cá nhân trả thu nhập lựa chọn khai thuế theo tháng.

- Kỳ khai thuế theo quý áp dụng đối với tổ chức, cá nhân trả thu nhập có tổng doanh thu bán hàng hóa và cung cấp dịch vụ của năm trước liền kề từ 50 tỷ đồng trở xuống, bao gồm cả tổ chức, cá nhân trả thu nhập không phát sinh doanh thu bán hàng hóa và cung cấp dịch vụ.

Tại tiểu mục 1 Mục A Công văn 1296/CT-NVT năm 2026 có hướng dẫn mức giảm trừ gia cảnh như sau:

Đối với kỳ quyết toán 2025 người nộp thuế thực hiện quyết toán TNCN trong năm 2026 áp dụng mức giảm trừ gia cảnh được xác định theo quy định tại Nghị quyết 954/2020/UBTVQH14 năm 2020 của Ủy ban Thường vụ Quốc hội, cụ thể như sau:

+ Mức giảm trừ đối với đối tượng nộp thuế là 11 triệu đồng/tháng (132 triệu đồng/năm);

+ Mức giảm trừ đối với mỗi người phụ thuộc là 4,4 triệu đồng/tháng.

Tại kỳ tính thuế này người nộp thuế chưa được áp dụng mức giảm trừ gia cảnh theo Nghị quyết 110/2025/UBTVQH15 năm 2026 (Mức 15,5 triệu đồng/tháng đối với NTT và 6,2 triệu đồng/tháng đối với người phụ thuộc)","thu-tuc-pho-bien","","","","2026-05-20T00:00:00","https://thuvienphapluat.vn/hoi-dap-phap-luat/chinh-thuc-bo-ke-khai-thue-tncn-thang-42026-chuyen-sang-ke-khai-quy-2-ra-sao-138090921.html","2026-05-21T20:39:46.097275+00:00"
"138059892","Lịch thi THPT quốc gia 2026: diễn ra vào ngày 11/6-12/6/2026 (dự kiến) đúng không?","Lịch thi THPT quốc gia 2026: diễn ra vào ngày 11/6-12/6/2026 (dự kiến) đúng không?

Đối tượng dự thi THPT quốc gia gồm những ai?

Đối tượng được đặc cách thi THPT quốc gia gồm những ai?

Căn cứ Điều 1 Quyết định 2269/QĐ-BGDĐT năm 2025 TẢI VỀ như sau:

Như vậy, lịch thi THPT quốc gia 2026 dự kiến diễn ra trong ngày 11 và ngày 12 tháng 6 năm 2026.

Căn cứ tại Tiểu mục 1 Mục 1 Công văn 1257/BGDĐT-QLCL năm 2026 kỳ thi tốt nghiệp THPT 2026 chính thức sẽ diễn ra vào ngày 11/6/2026 và ngày 12/6/2026.

Trên đây là thông tin về ""Lịch thi THPT quốc gia 2026: diễn ra vào ngày 11/6-12/6/2026 (dự kiến) đúng không?"".

Hệ thống Group Hỗ Trợ thi THPT 2026: Cập nhật thủ tục + thông tin + đề ôn + đề thi:

- Nhóm Tổng hợp + Tỉnh, thành: Tại đây

- Nhóm Môn Thi: Tại đây

- Nhóm Ôn Thi Theo Khối: Tại đây

- Nhóm Điểm Chuẩn: Tại đây

Lịch thi THPT quốc gia 2026: diễn ra vào ngày 11/6-12/6/2026 (dự kiến) đúng không? (Hình từ Internet)

Theo khoản 1 Điều 19 Quy chế thi tốt nghiệp trung học phổ thông ban hành kèm theo Thông tư 24/2024/TT-BGDĐT quy định như sau:

Theo đó, đối tượng dự thi THPT quốc gia gồm:

- Người đã hoàn thành Chương trình GDPT/GDTX trong năm tổ chức kỳ thi;

- Người đã hoàn thành Chương trình GDPT/GDTX nhưng chưa tốt nghiệp THPT ở những năm trước;

- Người đã có Bằng tốt nghiệp THPT dự thi để lấy kết quả làm cơ sở đăng ký xét tuyển sinh;

- Người đã có Bằng tốt nghiệp trung cấp dự thi để lấy kết quả làm cơ sở đăng ký xét tuyển sinh.

Theo Điều 40 Quy chế thi tốt nghiệp trung học phổ thông ban hành kèm theo Thông tư 24/2024/TT-BGDĐT quy định về đối tượng được đặc cách thi THPT quốc gia như sau:

(1) Người học được xét đặc cách tốt nghiệp THPT trong trường hợp bị tai nạn, bị ốm hoặc có việc đột xuất đặc biệt trước ngày thi không quá 10 ngày hoặc ngay trong buổi thi đầu tiên, không thể dự thi và thuộc các đối tượng dưới đây:

- Người đã hoàn thành Chương trình GDPT/GDTX trong năm tổ chức kỳ thi;

- Người đã hoàn thành Chương trình GDPT/GDTX nhưng chưa tốt nghiệp THPT ở những năm trước;

(2) Người học được xét đặc cách tốt nghiệp THPT trong trường hợp bị tai nạn, bị ốm hay có việc đột xuất đặc biệt sau khi đã thi ít nhất một bài thi và không thể tiếp tục dự thi hoặc sau khi bị tai nạn, bị ốm hay có việc đột xuất đặc biệt tự nguyện dự thi số bài thi còn lại và thuộc các đối tượng dưới đây:

- Người đã hoàn thành Chương trình GDPT/GDTX trong năm tổ chức kỳ thi;

- Người đã hoàn thành Chương trình GDPT/GDTX nhưng chưa tốt nghiệp THPT ở những năm trước;

(3) Các đối tượng là vận động viên đủ điều kiện được xét đặc cách tốt nghiệp THPT:

- Vận động viên đang học tập tại các cơ sở giáo dục, cơ sở giáo dục nghề nghiệp được triệu tập vào đội tuyển thể thao quốc gia, đội tuyển thể thao của các tỉnh, thành phố trực thuộc trung ương, các ngành để tập huấn và thi đấu thì được cơ quan sử dụng vận động viên chi trả học phí theo quy định của pháp luật.

- Vận động viên đạt thành tích xuất sắc trong các giải thi đấu thể thao quốc gia hoặc quốc tế được xét đặc cách tốt nghiệp trung học cơ sở, trung học phổ thông nếu thời gian thi trùng với thời gian vận động viên tập huấn ở nước ngoài hoặc tham dự thi đấu tại các giải thể thao quốc tế.

Điều 1. Ban hành khung kế hoạch thời gian năm học 2025 - 2026 đối với giáo dục mầm non, giáo dục phổ thông và giáo dục thường xuyên áp dụng trong toàn quốc như sau:

1. Tựu trường sớm nhất trước 01 tuần so với ngày tổ chức khai giảng. Riêng đối với lớp 1, lớp 9, lớp 12 tựu trường sớm nhất trước 02 tuần so với ngày tổ chức khai giảng.

2. Tổ chức khai giảng vào ngày 05 tháng 9 năm 2025.

3. Kết thúc học kỳ I trước ngày 18 tháng 01 năm 2026, hoàn thành chương trình và kết thúc năm học trước ngày 31 tháng 5 năm 2026.

4. Xét công nhận hoàn thành chương trình tiểu học và xét công nhận tốt nghiệp trung học cơ sở trước ngày 30 tháng 6 năm 2026.

5. Hoàn thành tuyển sinh các lớp đầu cấp trước ngày 31 tháng 7 năm 2026.

6. Thi tốt nghiệp trung học phổ thông năm 2026 dự kiến diễn ra trong ngày 11 và ngày 12 tháng 6 năm 2026.

7. Các kỳ thi cấp quốc gia khác được tổ chức theo quy định và hướng dẫn của Bộ Giáo dục và Đào tạo.

[...]

Điều 19. Đối tượng, điều kiện dự thi

1. Đối tượng dự thi gồm:

a) Người đã hoàn thành Chương trình GDPT/GDTX trong năm tổ chức kỳ thi;

b) Người đã hoàn thành Chương trình GDPT/GDTX nhưng chưa tốt nghiệp THPT ở những năm trước;

c) Người đã có Bằng tốt nghiệp THPT dự thi để lấy kết quả làm cơ sở đăng ký xét tuyển sinh;

d) Người đã có Bằng tốt nghiệp trung cấp dự thi để lấy kết quả làm cơ sở đăng ký xét tuyển sinh.

2. Điều kiện dự thi:

a) Các đối tượng dự thi phải ĐKDT và nộp đầy đủ các giấy tờ đúng thời hạn;

b) Đối tượng quy định tại điểm d khoản 1 Điều này phải bảo đảm đã học và thi đạt yêu cầu đủ khối lượng kiến thức văn hóa THPT theo quy định của Luật Giáo dục và các văn bản hướng dẫn hiện hành của Bộ GDĐT.","thu-tuc-pho-bien","","","","2026-05-20T00:00:00","https://thuvienphapluat.vn/hoi-dap-phap-luat/lich-thi-thpt-quoc-gia-2026-dien-ra-vao-ngay-1161262026-du-kien-dung-khong-138059892.html","2026-05-21T20:39:53.653272+00:00"
"138062956","Lịch nghỉ lễ 2027 - Tổng hợp các ngày lễ 2027 ở Việt Nam chi tiết ra sao?","Lịch nghỉ lễ 2027 - Tổng hợp các ngày lễ 2027 ở Việt Nam chi tiết ra sao?

Nghỉ giải lao theo tính chất của công việc có được tính vào thời giờ làm việc được hưởng lương không?

Cách tính ngày nghỉ hằng năm trong một số trường hợp đặc biệt được quy định cụ thể ra sao?

Lịch nghỉ lễ 2027 - Tổng hợp các ngày lễ 2027 ở Việt Nam chi tiết dưới đây:

Các ngày nghỉ lễ được hưởng nguyên lương trong năm 2027

Căn cứ Điều 112 Bộ luật Lao động 2019 quy định về nghỉ lễ, tết, năm 2027 người lao động được nghỉ các ngày lễ, tết sau đây:

(1) Tết Dương lịch: 01 ngày (ngày 01 tháng 01 dương lịch);

(2) Tết Âm lịch: 05 ngày;

(3) Ngày Chiến thắng: 01 ngày (ngày 30 tháng 4 dương lịch);

(4) Ngày Quốc tế lao động: 01 ngày (ngày 01 tháng 5 dương lịch);

(5) Quốc khánh: 02 ngày (ngày 02 tháng 9 dương lịch và 01 ngày liền kề trước hoặc sau);

(6) Ngày Giỗ Tổ Hùng Vương: 01 ngày (ngày 10 tháng 3 âm lịch).

Lưu ý: Hằng năm, căn cứ vào điều kiện thực tế, sẽ có quyết định cụ thể ngày nghỉ Tết Âm lịch và Quốc khánh.

Các ngày lễ, sự kiện khác trong năm tại Việt Nam và quốc tế

Tên ngày lễ

Ngày

Ông Táo chầu trời

30 tháng 1, 2027

Chiến thắng Ngọc Hồi - Đống Đa

10 tháng 2, 2027

Ngày thành lập Đảng

3 tháng 2, 2027

Tết Nguyên Tiêu

20 tháng 2, 2027

Quốc tế Phụ nữ

8 tháng 3, 2027

Ngày Sách Việt Nam

21 tháng 4, 2027

Ngày Chiến thắng Điện Biện Phủ

7 tháng 5, 2027

Lễ Phật đản

20 tháng 5, 2027

Ngày sinh Chủ tịch Hồ Chí Minh

19 tháng 5, 2027

Tết Đoan ngọ

9 tháng 6, 2027

Ngày quốc tế Thiếu nhi

1 tháng 6, 2027

Ngày Gia đình Việt Nam

28 tháng 6, 2027

Ngày Thương Binh Liệt Sĩ

27 tháng 7, 2027

Ngày cách mạng Tháng Tám

19 tháng 8, 2027

Rằm Tháng Bảy, Vu Lan

16 tháng 8, 2027

Tết Trung thu

15 tháng 9, 2027

Ngày giải phóng Thủ Đô

10 tháng 10, 2027

Ngày Phụ nữ Việt Nam

20 tháng 10, 2027

Ngày Nhà giáo Việt Nam

20 tháng 11, 2027

Ngày hội Quốc phòng Toàn dân

22 tháng 12, 2027

[...]

* Trên đây là Thông tin Lịch nghỉ lễ 2027 - Tổng hợp các ngày lễ 2027 ở Việt Nam chi tiết ra sao?

Lịch nghỉ lễ 2027 - Tổng hợp các ngày lễ 2027 ở Việt Nam chi tiết ra sao? (Hình từ Internet)

Căn cứ Điều 58 Nghị định 145/2020/NĐ-CP có quy định thời giờ được tính vào thời giờ làm việc được hưởng lương như sau:

Như vậy, theo quy định, nghỉ giải lao theo tính chất của công việc thuộc một trong những trường hợp được tính vào thời giờ làm việc được hưởng lương.

Căn cứ Điều 66 Nghị định 145/2020/NĐ-CP, cách tính ngày nghỉ hằng năm trong một số trường hợp đặc biệt như sau:

- Số ngày nghỉ hằng năm của người lao động làm việc chưa đủ 12 tháng theo quy định tại khoản 2 Điều 113 Bộ luật Lao động 2019 được tính như sau: lấy số ngày nghỉ hằng năm cộng với số ngày được nghỉ tăng thêm theo thâm niên (nếu có), chia cho 12 tháng, nhân với số tháng làm việc thực tế trong năm để tính thành số ngày được nghỉ hằng năm.

- Trường hợp người lao động làm việc chưa đủ tháng, nếu tổng số ngày làm việc và ngày nghỉ có hưởng lương của người lao động (nghỉ lễ, tết, nghỉ hằng năm, nghỉ việc riêng có hưởng lương theo Điều 112, Điều 113, Điều 114 và Điều 115 Bộ luật Lao động 2019) chiếm tỷ lệ từ 50% số ngày làm việc bình thường trong tháng theo thỏa thuận thì tháng đó được tính là 01 tháng làm việc để tính ngày nghỉ hằng năm.

- Toàn bộ thời gian người lao động làm việc tại các cơ quan, tổ chức, đơn vị thuộc khu vực nhà nước và doanh nghiệp nhà nước được tính là thời gian làm việc để tính ngày nghỉ hằng năm tăng thêm theo quy định tại Điều 114 Bộ luật Lao động 2019 nếu người lao động tiếp tục làm việc tại các cơ quan, tổ chức, đơn vị thuộc khu vực nhà nước và doanh nghiệp nhà nước.

Điều 58. Thời giờ được tính vào thời giờ làm việc được hưởng lương

1. Nghỉ giữa giờ quy định khoản 2 Điều 64 Nghị định này.

2. Nghỉ giải lao theo tính chất của công việc.

3. Nghỉ cần thiết trong quá trình lao động đã được tính trong định mức lao động cho nhu cầu sinh lý tự nhiên của con người.

4. Thời giờ nghỉ đối với lao động nữ khi mang thai hoặc nuôi con dưới 12 tháng tuổi, trong thời gian hành kinh theo quy định tại khoản 2 và khoản 4 Điều 137 của Bộ luật Lao động.

5. Thời giờ phải ngừng việc không do lỗi của người lao động.

6. Thời giờ hội họp, học tập, tập huấn do yêu cầu của người sử dụng lao động hoặc được người sử dụng lao động đồng ý.

7. Thời giờ người học nghề, tập nghề trực tiếp hoặc tham gia lao động theo quy định tại khoản 5 Điều 61 của Bộ luật Lao động.

8. Thời giờ mà người lao động là thành viên ban lãnh đạo của tổ chức đại diện người lao động tại cơ sở được sử dụng để thực hiện nhiệm vụ theo quy định tại khoản 2 và khoản 3 Điều 176 của Bộ luật Lao động.

9. Thời giờ khám sức khỏe, khám phát hiện bệnh nghề nghiệp, giám định y khoa để xác định mức độ suy giảm khả năng lao động do tai nạn lao động, bệnh nghề nghiệp, nếu thời giờ đó được thực hiện theo sự bố trí hoặc do yêu cầu của người sử dụng lao động.

10. Thời giờ đăng ký, khám, kiểm tra sức khỏe nghĩa vụ quân sự, nếu thời giờ đó được hưởng nguyên lương theo quy định của pháp luật về nghĩa vụ quân sự.","thu-tuc-pho-bien","","","","2026-05-20T00:00:00","https://thuvienphapluat.vn/hoi-dap-phap-luat/lich-nghi-le-2027--tong-hop-cac-ngay-le-2027-o-viet-nam-chi-tiet-ra-sao-138062956.html","2026-05-21T20:40:18.916575+00:00"
"138091384","CHÍNH THỨC bỏ tờ khai thuế TNCN tháng 4-5-6/2026 thay bằng tờ khai quý 2/2026 đúng hay không?","CHÍNH THỨC bỏ tờ khai thuế TNCN tháng 4-5-6/2026 thay bằng tờ khai quý 2/2026 đúng hay không?

Hạn chót nộp tờ khai thuế TNCN tháng 4 2026 là khi nào?

Hạn chót nộp tờ khai thuế TNCN quý 2 2026 là khi nào?

>>> Hiểu thế nào về bỏ TTHC 2002235 khai thuế TNCN tháng theo quy định mới nhất?

Xem thêm:

>>> Bỏ TTHC 2.002235 kê khai quý/tháng bỏ kê khai tháng thì kê khai thuế TNCN theo trình tự nào?

>>> Tờ khai 05/KK-TNCN tháng 4, 5, 6/2026 chính thức bỏ khai theo tháng chuyển sang kê khai quý 2/2026 ra sao?

>>> CHÍNH THỨC bỏ tờ khai thuế TNCN tháng 4-5-6/2026 thay bằng tờ khai quý 2/2026 đúng hay không?

>>> Hướng dẫn thủ tục khai thuế TNCN tháng 4-5-6/2026 theo thủ tục mới sau khi bỏ khai tháng ra sao?

>>> Hướng dẫn sửa lỗi kỳ kê khai tháng không được phép nộp tờ khai, vui lòng chọn lại kỳ kê khai phù hợp ra sao?

>>> Chính thức bỏ kê khai thuế TNCN tháng 4/2026 chuyển sang kê khai quý 2 ra sao?

Ngày 08/05/2026 Bộ Tài chính đã ban hành Quyết định 1109/QĐ-BTC năm 2026 công bố thủ tục hành chính được sửa đổi, bổ sung, bãi bỏ trong lĩnh vực quản lý thuế, hải quan

Theo đó đã sửa đổi bổ sung Thủ tục hành chính 2.002235 Khai thuế thu nhập cá nhân tháng/quý của tỔ chức, cá nhân trả thu nhập khấu trừ thuế đối với tiền lương, tiền công

Theo thủ tục trên thì không còn kê khai theo tháng, theo đó CHÍNH THỨC bỏ tờ khai thuế TNCN tháng và thay bằng tờ khai quý từ ngày 8/5/2026.

Như vậy đối với khai thuế TNCN tháng 4-5-6 năm 2026 sẽ được chuyển sang thành khai thuế TNCN quý 2 năm 2026.

*Bài viết CHÍNH THỨC bỏ tờ khai thuế TNCN tháng 4-5-6/2026 thay bằng tờ khai quý 2/2026 đúng hay không?

CHÍNH THỨC bỏ tờ khai thuế TNCN tháng 4 5 6 2026 thay bằng tờ khai quý 2 2026 đúng hay không? (Hình từ Internet)

Căn cứ tại khoản 1 Điều 44 Luật Quản lý thuế 2019 quy định về thời hạn nộp hồ sơ khai thuế cụ thể như sau:

Như vậy, hạn chót nộp tờ khai thuế TNCN tháng 4 2026 là ngày 20/5/2026.

Căn cứ tại điểm b khoản 1 Điều 44 Luật Quản lý thuế 2019 quy định về thời hạn nộp hồ sơ khai thuế cụ thể như sau:

Hạn chót nộp tờ khai thuế TNCN quý 2 2026 là 31/7/2026.

*Bài viết CHÍNH THỨC bỏ tờ khai thuế TNCN tháng 4 5 6 2026 thay bằng tờ khai quý 2 2026 đúng hay không?

6. Khai thuế thu nhập cá nhân quý của tổ chức, cá nhân trả thu nhập khấu trừ thuế đối với tiền lương, tiền công (Mã số TTHC 2.002235)

- Trình tự thực hiện:

+Bước 1.

++ Tổ chức, cá nhân trả thu nhập có phát sinh khấu trừ thuế chuẩn bị hồ sơ khai thuế, gửi đến cơ quan Thuế. Thời hạn nộp hồ sơ khai thuế quý chậm nhất là ngày cuối cùng của tháng đầu tiên của quý tiếp theo quý phát sinh nghĩa vụ thuế. Nếu ngày cuối cùng trùng ngày nghỉ lễ, hạn cuối cùng được chuyển sang ngày làm việc tiếp theo.

(Thủ tục đăng ký chứng từ khấu trừ thuế TNCN được thực hiện riêng theo quy định tại Nghị định 70/2025/NĐ-CP của Chính phủ).

[...]

Điều 44. Thời hạn nộp hồ sơ khai thuế

1. Thời hạn nộp hồ sơ khai thuế đối với loại thuế khai theo tháng, theo quý được quy định như sau:

a) Chậm nhất là ngày thứ 20 của tháng tiếp theo tháng phát sinh nghĩa vụ thuế đối với trường hợp khai và nộp theo tháng;

b) Chậm nhất là ngày cuối cùng của tháng đầu của quý tiếp theo quý phát sinh nghĩa vụ thuế đối với trường hợp khai và nộp theo quý.

2. Thời hạn nộp hồ sơ khai thuế đối với loại thuế có kỳ tính thuế theo năm được quy định như sau:

a) Chậm nhất là ngày cuối cùng của tháng thứ 3 kể từ ngày kết thúc năm dương lịch hoặc năm tài chính đối với hồ sơ quyết toán thuế năm; chậm nhất là ngày cuối cùng của tháng đầu tiên của năm dương lịch hoặc năm tài chính đối với hồ sơ khai thuế năm;

b) Chậm nhất là ngày cuối cùng của tháng thứ 4 kể từ ngày kết thúc năm dương lịch đối với hồ sơ quyết toán thuế thu nhập cá nhân của cá nhân trực tiếp quyết toán thuế;

c) Chậm nhất là ngày 15 tháng 12 của năm trước liền kề đối với hồ sơ khai thuế khoán của hộ kinh doanh, cá nhân kinh doanh nộp thuế theo phương pháp khoán; trường hợp hộ kinh doanh, cá nhân kinh doanh mới kinh doanh thì thời hạn nộp hồ sơ khai thuế khoán chậm nhất là 10 ngày kể từ ngày bắt đầu kinh doanh.

[...]

Điều 44. Thời hạn nộp hồ sơ khai thuế

1. Thời hạn nộp hồ sơ khai thuế đối với loại thuế khai theo tháng, theo quý được quy định như sau:

a) Chậm nhất là ngày thứ 20 của tháng tiếp theo tháng phát sinh nghĩa vụ thuế đối với trường hợp khai và nộp theo tháng;

b) Chậm nhất là ngày cuối cùng của tháng đầu của quý tiếp theo quý phát sinh nghĩa vụ thuế đối với trường hợp khai và nộp theo quý.

2. Thời hạn nộp hồ sơ khai thuế đối với loại thuế có kỳ tính thuế theo năm được quy định như sau:

a) Chậm nhất là ngày cuối cùng của tháng thứ 3 kể từ ngày kết thúc năm dương lịch hoặc năm tài chính đối với hồ sơ quyết toán thuế năm; chậm nhất là ngày cuối cùng của tháng đầu tiên của năm dương lịch hoặc năm tài chính đối với hồ sơ khai thuế năm;

b) Chậm nhất là ngày cuối cùng của tháng thứ 4 kể từ ngày kết thúc năm dương lịch đối với hồ sơ quyết toán thuế thu nhập cá nhân của cá nhân trực tiếp quyết toán thuế;

c) Chậm nhất là ngày 15 tháng 12 của năm trước liền kề đối với hồ sơ khai thuế khoán của hộ kinh doanh, cá nhân kinh doanh nộp thuế theo phương pháp khoán; trường hợp hộ kinh doanh, cá nhân kinh doanh mới kinh doanh thì thời hạn nộp hồ sơ khai thuế khoán chậm nhất là 10 ngày kể từ ngày bắt đầu kinh doanh.

[...]","thu-tuc-pho-bien","","","","2026-05-20T00:00:00","https://thuvienphapluat.vn/hoi-dap-phap-luat/chinh-thuc-bo-to-khai-thue-tncn-thang-4562026-thay-bang-to-khai-quy-22026-dung-hay-khong-138091384.html","2026-05-21T20:40:26.875078+00:00"
"138070046","Xem lịch âm tháng 3 năm 2026 - Lịch vạn niên tháng 3 năm 2026 đầy đủ, chi tiết, mới nhất ra sao? Tháng 3 2026 có ngày lễ lớn nào không?","Xem lịch âm tháng 3 năm 2026 - Lịch vạn niên tháng 3 năm 2026 đầy đủ, chi tiết, mới nhất ra sao? Tháng 3 2026 có ngày lễ lớn nào không?

Người lao động được kiểm tra, giám sát việc trích nộp kinh phí công đoàn tại nơi làm việc không?

Người lao động được tham gia ý kiến về những nội dung nào?

Xem lịch âm tháng 3 năm 2026 - Lịch vạn niên tháng 3 năm 2026 đầy đủ, chi tiết, mới nhất dưới đây:

Lịch Tháng 3 năm 2026

Lịch Tháng 4 năm 2026

Lịch Tháng 5 năm 2026

Có thể thấy:

Theo lịch vạn niên, Tháng 3 năm 2026 âm lịch bao gồm 30 ngày. Trong đó:

- Ngày 01/3/2026 âm lịch sẽ rơi vào ngày 17/4/2026 dương lịch (Thứ sáu)

- Ngày 30/3/2026 âm lịch là ngày 16/5/2026 dương lịch (Thứ bảy).

Ngoài ra, Tháng 3 năm 2026 dương lịch bao gồm 31 ngày, cụ thể:

- Ngày 01/3/2026 dương lịch rơi vào Chủ nhật nhằm ngày 13/1/2026 âm lịch.

- Ngày 31/3/2026 dương lịch rơi vào Thứ ba nhằm ngày 13/2/2026 âm lịch.

Ngoài ra, tại Điều 4 Nghị định 145/2013/NĐ-CP có quy định về các ngày lễ lớn như sau:

Như vậy, trong tháng 3 năm 2026 theo dương lịch, nước ta không có ngày lễ lớn nào. Tuy nhiên, theo lịch âm, nước ta có Ngày Giỗ Tổ Hùng Vương (10-3 Âm lịch) là ngày lễ lớn.

* Trên đây là Thông tin Xem lịch âm tháng 2 năm 2026 - Lịch vạn niên tháng 2 năm 2026 đầy đủ, chi tiết, mới nhất ra sao? Tháng 2 2026 có ngày lễ lớn nào không?

Xem thêm:

>>> Lịch Vạn niên 2026 - Lịch âm 2026 - Lịch dương 2026 chi tiết, đầy đủ 365 ngày tương ứng âm và dương?

>>> Xem lịch âm tháng 1 năm 2026 - Lịch vạn niên tháng 1 năm 2026 đầy đủ, chi tiết, mới nhất ra sao? Tháng 1 2026 có ngày lễ lớn nào không?

Xem lịch âm tháng 3 năm 2026 - Lịch vạn niên tháng 3 năm 2026 đầy đủ, chi tiết, mới nhất ra sao? Tháng 3 2026 có ngày lễ lớn nào không? (Hình từ Internet)

Căn cứ theo Điều 46 Nghị định 145/2020/NĐ-CP quy định nội dung, hình thức người lao động được kiểm tra, giám sát như sau:

Như vậy, theo quy định, người lao động có quyền kiểm tra, giám sát việc trích nộp kinh phí công đoàn tại nơi làm việc.

Tại khoản 1 Điều 44 Nghị định 145/2020/NĐ-CP quy định người lao động được tham gia ý kiến về những nội dung sau:

- Xây dựng, sửa đổi, bổ sung nội quy, quy chế và các văn bản quy định khác của người sử dụng lao động liên quan đến quyền, nghĩa vụ và lợi ích của người lao động;

- Xây dựng, sửa đổi, bổ sung thang lương, bảng lương, định mức lao động; đề xuất nội dung thương lượng tập thể;

- Đề xuất, thực hiện giải pháp tiết kiệm chi phí, nâng cao năng suất lao động, cải thiện điều kiện làm việc, bảo vệ môi trường, phòng chống cháy nổ;

- Nội dung khác liên quan đến quyền, nghĩa vụ và lợi ích của người lao động theo quy định của pháp luật.

Đồng thời, những nội dung quy định tại khoản 1 Điều 44 Nghị định 145/2020/NĐ-CP mà pháp luật quy định cụ thể hình thức người lao động tham gia ý kiến thì thực hiện theo quy định đó; trường hợp pháp luật không quy định cụ thể hình thức thì người lao động căn cứ vào đặc điểm sản xuất, kinh doanh, tổ chức lao động, nội dung người lao động được tham gia ý kiến và quy chế dân chủ ở cơ sở tại nơi làm việc để lựa chọn hình thức sau đây:

- Tham gia ý kiến trực tiếp hoặc thông qua tổ chức đại diện người lao động tại cơ sở, nhóm đại diện đối thoại của người lao động tại hội nghị người lao động, đối thoại tại nơi làm việc;

- Gửi góp ý, kiến nghị trực tiếp;

- Hình thức khác mà pháp luật không cấm.

Điều 4. Các ngày lễ lớn

Các ngày lễ lớn trong nước bao gồm:

1. Ngày Tết Nguyên đán (01 tháng Giêng Âm lịch).

2. Ngày thành lập Đảng Cộng sản Việt Nam (03-02-1930).

3. Ngày Giỗ Tổ Hùng Vương (10-3 Âm lịch).

4. Ngày Giải phóng miền Nam, thống nhất đất nước (30-4-1975).

5. Ngày Chiến thắng Điện Biên Phủ (07-5-1954).

6. Ngày sinh Chủ tịch Hồ Chí Minh (19-5-1890).

7. Ngày Cách mạng Tháng Tám (19-8-1945) và Ngày Quốc khánh nước Cộng hòa xã hội chủ nghĩa Việt Nam (02-9-1945).

Điều 46. Nội dung, hình thức người lao động được kiểm tra, giám sát

1. Người lao động được kiểm tra, giám sát những nội dung sau:

a) Việc thực hiện hợp đồng lao động và thỏa ước lao động tập thể;

b) Việc thực hiện nội quy lao động, quy chế và các văn bản quy định khác của người sử dụng lao động liên quan đến quyền, nghĩa vụ và lợi ích của người lao động;

c) Việc sử dụng quỹ khen thưởng, quỹ phúc lợi, các quỹ do người lao động đóng góp;

d) Việc trích nộp kinh phí công đoàn, đóng bảo hiểm xã hội, bảo hiểm y tế, bảo hiểm thất nghiệp của người sử dụng lao động;

đ) Việc thực hiện thi đua, khen thưởng, kỷ luật, giải quyết khiếu nại, tố cáo liên quan đến quyền, nghĩa vụ và lợi ích của người lao động.

2. Hình thức kiểm tra, giám sát của người lao động thực hiện theo quy định của pháp luật.","thu-tuc-pho-bien","","","","2026-05-18T00:00:00","https://thuvienphapluat.vn/hoi-dap-phap-luat/xem-lich-am-thang-3-nam-2026--lich-van-nien-thang-3-nam-2026-day-du-chi-tiet-moi-nhat-ra-sao-thang--138070046.html","2026-05-21T20:40:11.939346+00:00"
"138074267","Hướng dẫn quyết toán thuế TNCN 2026 trên eTax Mobile chi tiết thế nào?","Hướng dẫn quyết toán thuế TNCN 2026 trên eTax Mobile chi tiết thế nào?

Hồ sơ khai thuế đối với loại thuế có kỳ tính thuế theo năm bao gồm những gì?

Thời hạn nộp hồ sơ khai thuế đối với loại thuế có kỳ tính thuế theo năm là khi nào?

Tại khoản 2 Điều 44 Luật Quản lý thuế 2019 có quy định về thời hạn nộp quyết toán thuế TNCN 2025 như sau:

- Trường hợp 1: Cá nhân ủy quyền cho tổ chức thực hiện quyết toán thuế TNCN thay cho mình

Thời gian quyết toán thuế TNCN 2025 trong năm 2026 chậm nhất là ngày cuối cùng của tháng thứ 3 kể từ ngày kết thúc năm dương lịch tức chậm nhất là ngày 31/03/2026.

- Trường hợp 2: Cá nhân tự quyết toán thuế TNCN

Thời gian quyết toán thuế TNCN 2025 trong năm 2026 chậm nhất là ngày cuối cùng của tháng thứ 4 kể từ ngày kết thúc năm dương lịch tức ngày 30/4/2026.

Tuy nhiên, căn cứ theo Điều 86 Thông tư 80/2021/TT-BTC quy định trường hợp thời hạn nộp hồ sơ khai thuế, thời hạn nộp thuế trùng với ngày nghỉ theo quy định thì thời hạn nộp hồ sơ khai thuế, thời hạn nộp thuế được tính là ngày làm việc tiếp theo của ngày nghỉ đó theo quy định tại khoản 5 Điều 148 Bộ luật Dân sự 2015.

Theo đó, ngày 30/4/2026 là ngày nghỉ lễ liên tiếp với ngày nghỉ lễ 01/5/2026 và sau đó rơi vào thứ bảy ngày 02/5/2026 và chủ nhật ngày 03/05/2026, do đó thời hạn được kéo dài đến ngày 04/5/2026.

Như vậy, đối với trường hợp cá nhân tự quyết toán thuế TNCN, thời gian quyết toán thuế TNCN 2025 trong năm 2026 chậm nhất là ngày 04/5/2026.

>>> Dưới đây là Hướng dẫn quyết toán thuế TNCN 2026 trên eTax Mobile chi tiết như sau:

Bước 1: Tải ứng dụng eTax Mobile phiên bản 3.2.3 mới nhất

- Đối với hệ điều hành Android: tải ứng dụng trên Google Play.

- Đối với hệ điều hành IOS: tải ứng dụng trên App Store.

Bước 2: Đăng nhập vào eTax Mobile

Bước 3: Chọn menu Hỗ trợ quyết toán thuế TNCN => Hỗ trợ lập tờ khai quyết toán.

Hệ thống sẽ hiển thị màn hình Hỗ trợ lập tờ khai quyết toán gồm:

- Mã số thuế: Hiển thị mặc định mã số thuế đăng nhập, không cho sửa.

- Năm quyết toán: Hiển thị list danh sách năm từ năm 2021 đến năm hiện tại.

Bước 5: Nhấn Tạo tờ khai 02/QTTTNCN gợi ý, hệ thống hiển thị màn hình Tạo tờ khai 02/QTT-TNC gợi ý gồm các thông tin sau:

- Loại tờ khai: Mặc định hiển thị: Chính thức, không cho sửa.

- Năm kê khai: Hiển thị theo năm tra cứu quyết toán, không cho sửa.

- Trường hợp quyết toán: Hiển thị mặc định Quyết toán theo năm dương lịch, không cho sửa.

- Từ tháng: Tự động hiển thị theo năm quyết toán, cho phép sửa.

- Đến tháng: Tự động hiển thị tháng cuối của năm quyết toán

Bước 6: Nhấn Tiếp tục, hệ thống thực hiện xác định cơ quan thuế nộp tờ khai.

- Trường hợp 1: Cá nhân cư trú không ký hợp đồng lao động, hoặc ký hợp đồng lao động dưới 03 tháng, hoặc ký hợp đồng cung cấp dịch vụ có thu nhập tại một nơi hoặc nhiều nơi đã khấu trừ 10%, hệ thống hỗ trợ hiển thị màn hình chọn Tỉnh/Thành phố, Quận/Huyện.

- Trường hợp 2: Cá nhân cư trú có thu nhập tiền lương, tiền công tại một nơi và thuộc diện tự khai thuế trong năm, hệ thống hỗ trợ hiển thị luôn cơ quan thuế nơi cá nhân nộp hồ sơ khai QTT (theo cơ quan thuế nơi cá nhân nộp hồ sơ khai thuế trong năm tờ khai 02/KK). Cá nhân không phải tích chọn hoặc điền bất kỳ thông tin gì.

- Trường hợp 3: Cá nhân:

+ Chỉ có 02KK-TNCN có nhiều CQT khác sau thì hệ thống thực hiện so sánh hiển thị luôn CQT nơi có nguồn thu nhập lớn nhất.

+ Đồng thời có 05QTT và 02KK thì hệ thống so sánh lấy nơi có nguồn thu nhập lớn nhất trong năm.

Lưu ý: Trường hợp các nơi có nguồn thu nhập bằng nhau thì hệ thống hiển thị danh sách Cơ quan thuế để NNT tự chọn.

Các trường hợp khác (ngoài 3 trường hợp trên) hệ thống hiển thị theo các câu hỏi để người nộp thuế chọn và nhập.

Bước 7: Sau khi xác định cơ quan thuế, hệ thống hiển thị màn hình Thông tin chung gồm:

- Cơ quan thuế quyết toán.

- Tên người nộp thuế: Tự động hiển thị tên của NNT, không cho phép sửa.

- Mã số thuế: Tự động hiển thị MST của NNT, không cho phép sửa.

- Địa chỉ: Tự động hiển thị theo thông tin ĐKT, cho phép sửa.

- Tỉnh/Thành phố: Tự động hiển thị theo thông tin ĐKT, cho phép chọn lại.

- Quận/Huyện: Tự động hiển thị theo thông tin ĐKT, cho phép chọn lại.

- Điện thoại: Tự động hiển thị, không cho sửa.

- Fax: Tự động hiển thị, không cho sửa.

- Email: Tự động hiển thị, không cho sửa.

- Mã số thuế tổ chức trả thu nhập: Tự động hiển thị, không cho sửa.

- Tên tổ chức trả thu nhập: Tự động hiển thị, không cho sửa.

- Địa chỉ: Tự động hiển thị theo đăng ký thuế của MST tổ chức trả thu nhập, không cho phép sửa.

- Quận/Huyện: Tự động hiển thị theo đăng ký thuế của MST tổ chức trả thu nhập, không cho phép sửa.

- Tỉnh/Thành phố: Tự động hiển thị theo đăng ký thuế của MST tổ chức trả thu nhập, không cho sửa.

Bước 8: Nhấn Tiếp tục, hệ thống hiển thị màn kê khai các chỉ tiêu trên tờ khai từ [20] đến [48], cho phép sửa dữ liệu.

Lưu ý: Chỉ tiêu [24] = Tổng số dòng trên bảng kê 02-1/BK-QTT-TNCN.

8.1. Trường hợp NNT nhấn Bảng kê 02-1/BK-QTT-TNCN, hệ thống hiển thị màn hình bảng kê 02-1/BK-QTTTNCN để NNT nhập:

Chọn Thêm mới người phụ thuộc, hệ thống hiển thị màn hình thông tin người phụ thuộc gồm các thông tin:

- Họ và tên [10]: Mặc định trống, bắt buộc nhập.

- Mã số thuế [11]: Mặc định trống, bắt buộc nhập/chọn 1 trong 2 chỉ tiêu [11] hoặc [12].

- Loại giấy tờ [12]: Mặc định trống, cho chọn trong danh sách.

- Số giấy tờ [13]: Mặc định trống, bắt buộc nhập nếu NSD chọn Loại giấy tờ.

- Ngày sinh [14]: Hiển thị mặc định ngày hiện tại, cho phép chọn lại.

- Quan hệ với người nộp thuế [15]: Mặc định trống, cho chọn trong danh sách.

Mục Thời gian được tính giảm trừ trong năm

- Từ tháng [16]: Mặc định trống, bắt buộc nhập.

- Đến tháng [17]: Mặc định trống, bắt buộc nhập.

Sau đó chọn Tiếp tục, hệ thống hiển thị Thông tin người phụ thuộc đã thêm.

NNT nhấn Xem chi tiết người phụ thuộc, hệ thống hiển thị màn hình Thông tin chi tiết.

Chọn Tiếp tục, hệ thống chuyển sang màn hình Thông tin hỗ trợ quyết toán thuế và lưu thông tin người phụ thuộc tại bảng kê 02-1/BK-QTTTNCN.

8.2 Trường hợp chỉ tiêu [46] > 0, hệ thống hiển thị Nhập thông tin hoàn trả:

Nhập thông tin hoàn trả, hệ thống hiển thị màn hình nhập thông tin hoàn trả gồm các thông tin:

- Số tiền hoàn trả: Hiển thị theo số tiền tại chỉ tiêu [46], không cho sửa

- Hình thức hoàn trả: Mặc định Chuyển khoản, cho chọn lại Tiền mặt.

Tại màn hình chọn Chuyển khoản điền các thông tin sau:

- Tên chủ tài khoản: Tự động hiển thị tên NNT, không cho sửa.

- Số tài khoản: Mặc định trống, bắt buộc nhập.

- Tỉnh/Thành phố: Mặc định trống, bắt buộc chọn trong danh sách.

- Tại ngân hàng/KBNN: Mặc định trống, bắt buộc chọn trong danh sách.

Tại màn hình chọn Tiền mặt hiển thị thông tin như sau:

- Tên người nhận tiền: Mặc định trống, bắt buộc nhập.

- Loại giấy tờ: Mặc định trống, bắt buộc chọn.

- CMND/CCCD/HC số: Mặc định trống, bắt buộc nhập.

- Ngày cấp: Mặc định ngày hiện tại, cho chọn lại.

- Nơi cấp: Mặc định trống, bắt buộc nhập.

- Nơi nhận hoàn tiền thuế: Mặc định trống, bắt buộc nhập.

Lưu ý: Chỉ hỗ trợ hoàn trả Tiền mặt trong trường hợp số tiền nhỏ hơn hoặc bằng 5.000.000 VND.

Sau đó chọn Tiếp tục, hệ thống chuyển sang màn hình Thông tin hỗ trợ quyết toán thuế và lưu thông tin hoàn trả NNT đã nhập.

8.3. Trường hợp chỉ tiêu [47] > 0, hệ thống hiển thị button Đề nghị bù trừ.

NNT nhấn Đề nghị bù trừ, hệ thống tự động hiển thị tất cả các khoản nộp đã quá hạn của NNT.

Lưu ý: NNT kê khai chỉ tiêu [47] Số thuế bù trừ cho khoản phải nộp ngân sách nhà nước khác = Tổng chỉ tiêu (12) Tổng Số tiền còn phải nộp đề nghị bù trừ với số tiền nộp thừa.

Sau đó chọn Tiếp tục, hệ thống chuyển sang màn hình Thông tin hỗ trợ quyết toán thuế và lưu thông tin đề nghị bù trừ đã nhập.

Bước 9: Tiếp tục, hệ thống hiển thị màn hình hoàn thành tờ khai 02 QTT.

Bước 10: Nộp tờ khai, hệ thống hiển thị màn hình Đính kèm phụ lục, bắt buộc đính kèm ít nhất 1 tài liệu.

Bước 11: Tiếp tục, hệ thống hiển thị màn nhập OTP được gửi về số điện thoại của NNT.

Bước 12: Chọn Xác nhận, hệ thống hiển thị màn thông báo Nộp tờ khai thành công.

Trên đây là Thông tin về Hướng dẫn quyết toán thuế TNCN 2025 trên eTax Mobile chi tiết thế nào?

Hướng dẫn quyết toán thuế TNCN 2026 trên eTax Mobile chi tiết thế nào? (Hình từ Internet)

Căn cứ theo khoản 3 Điều 43 Luật Quản lý thuế 2019 quy định hồ sơ khai thuế đối với loại thuế có kỳ tính thuế theo năm bao gồm:

- Hồ sơ khai thuế năm gồm tờ khai thuế năm và các tài liệu khác có liên quan đến xác định số tiền thuế phải nộp;

- Hồ sơ khai quyết toán thuế khi kết thúc năm gồm tờ khai quyết toán thuế năm, báo cáo tài chính năm, tờ khai giao dịch liên kết; các tài liệu khác có liên quan đến quyết toán thuế.

Căn cứ theo khoản 2 Điều 44 Luật Quản lý thuế 2019 quy định về thời hạn nộp hồ sơ khai thuế đối với loại thuế có kỳ tính thuế theo năm như sau:

- Chậm nhất là ngày cuối cùng của tháng thứ 3 kể từ ngày kết thúc năm dương lịch hoặc năm tài chính đối với hồ sơ quyết toán thuế năm; chậm nhất là ngày cuối cùng của tháng đầu tiên của năm dương lịch hoặc năm tài chính đối với hồ sơ khai thuế năm;

- Chậm nhất là ngày cuối cùng của tháng thứ 4 kể từ ngày kết thúc năm dương lịch đối với hồ sơ quyết toán thuế thu nhập cá nhân của cá nhân trực tiếp quyết toán thuế;

- Chậm nhất là ngày 15 tháng 12 của năm trước liền kề đối với hồ sơ khai thuế khoán của hộ kinh doanh, cá nhân kinh doanh nộp thuế theo phương pháp khoán; trường hợp hộ kinh doanh, cá nhân kinh doanh mới kinh doanh thì thời hạn nộp hồ sơ khai thuế khoán chậm nhất là 10 ngày kể từ ngày bắt đầu kinh doanh.

Trên đây là Thông tin về Hướng dẫn quyết toán thuế TNCN 2026 trên eTax Mobile chi tiết thế nào?","thu-tuc-pho-bien","","","","2026-05-09T00:00:00","https://thuvienphapluat.vn/hoi-dap-phap-luat/huong-dan-quyet-toan-thue-tncn-2026-tren-etax-mobile-chi-tiet-the-nao-138074267.html","2026-05-21T20:40:04.522918+00:00"
"2","Thời điểm kết thúc thời hạn kháng cáo","","thu-tuc-pho-bien","","","","2019-03-18T00:00:00","https://thuvienphapluat.vn/hoi-dap-phap-luat/0004A4CC-hd-thu-tuc-xin-cap-phieu-ly-lich-tu-phap-so-2.html","2026-05-21T20:38:24.288652+00:00"
"1","Tính thuế khi không kinh doanh là chưa chính xác","","thu-tuc-pho-bien","","","","2016-08-30T00:00:00","https://thuvienphapluat.vn/hoi-dap-phap-luat/0004A492-hd-thu-tuc-xin-cap-phieu-ly-lich-tu-phap-so-1.html","2026-05-21T20:38:19.543527+00:00"
